"Date","Source","Site ID","POC","Daily Max 8-hour CO Concentration","UNITS","DAILY_AQI_VALUE","Site Name","DAILY_OBS_COUNT","PERCENT_COMPLETE","AQS_PARAMETER_CODE","AQS_PARAMETER_DESC","CBSA_CODE","CBSA_NAME","STATE_CODE","STATE","COUNTY_CODE","COUNTY","SITE_LATITUDE","SITE_LONGITUDE"
"01/01/2020","AQS","250250042","1","0.2","ppm","2","DUDLEY SQUARE ROXBURY","19","79.0000","42101","Carbon monoxide","14460","Boston-Cambridge-Newton, MA-NH","25","Massachusetts","025","Suffolk","42.3295","-71.0826"
"01/02/2020","AQS","250250042","1","0.3","ppm","3","DUDLEY SQUARE ROXBURY","24","100.0000","42101","Carbon monoxide","14460","Boston-Cambridge-Newton, MA-NH","25","Massachusetts","025","Suffolk","42.3295","-71.0826"
"01/03/2020","AQS","250250042","1","0.5","ppm","6","DUDLEY SQUARE ROXBURY","24","100.0000","42101","Carbon monoxide","14460","Boston-Cambridge-Newton, MA-NH","25","Massachusetts","025","Suffolk","42.3295","-71.0826"
"01/04/2020","AQS","250250042","1","0.6","ppm","7","DUDLEY SQUARE ROXBURY","24","100.0000","42101","Carbon monoxide","14460","Boston-Cambridge-Newton, MA-NH","25","Massachusetts","025","Suffolk","42.3295","-71.0826"
"01/05/2020","AQS","250250042","1","0.3","ppm","3","DUDLEY SQUARE ROXBURY","24","100.0000","42101","Carbon monoxide","14460","Boston-Cambridge-Newton, MA-NH","25","Massachusetts","025","Suffolk","42.3295","-71.0826"
"01/06/2020","AQS","250250042","1","0.4","ppm","5","DUDLEY SQUARE ROXBURY","24","100.0000","42101","Carbon monoxide","14460","Boston-Cambridge-Newton, MA-NH","25","Massachusetts","025","Suffolk","42.3295","-71.0826"
"01/07/2020","AQS","250250042","1","0.3","ppm","3","DUDLEY SQUARE ROXBURY","24","100.0000","42101","Carbon monoxide","14460","Boston-Cambridge-Newton, MA-NH","25","Massachusetts","025","Suffolk","42.3295","-71.0826"
"01/08/2020","AQS","250250042","1","0.3","ppm","3","DUDLEY SQUARE ROXBURY","24","100.0000","42101","Carbon monoxide","14460","Boston-Cambridge-Newton, MA-NH","25","Massachusetts","025","Suffolk","42.3295","-71.0826"
"01/09/2020","AQS","250250042","1","0.4","ppm","5","DUDLEY SQUARE ROXBURY","24","100.0000","42101","Carbon monoxide","14460","Boston-Cambridge-Newton, MA-NH","25","Massachusetts","025","Suffolk","42.3295","-71.0826"
"01/10/2020","AQS","250250042","1","0.4","ppm","5","DUDLEY SQUARE ROXBURY","24","100.0000","42101","Carbon monoxide","14460","Boston-Cambridge-Newton, MA-NH","25","Massachusetts","025","Suffolk","42.3295","-71.0826"
"01/11/2020","AQS","250250042","1","0.3","ppm","3","DUDLEY SQUARE ROXBURY","24","100.0000","42101","Carbon monoxide","14460","Boston-Cambridge-Newton, MA-NH","25","Massachusetts","025","Suffolk","42.3295","-71.0826"
"01/12/2020","AQS","250250042","1","0.2","ppm","2","DUDLEY SQUARE ROXBURY","24","100.0000","42101","Carbon monoxide","14460","Boston-Cambridge-Newton, MA-NH","25","Massachusetts","025","Suffolk","42.3295","-71.0826"
"01/13/2020","AQS","250250042","1","0.3","ppm","3","DUDLEY SQUARE ROXBURY","24","100.0000","42101","Carbon monoxide","14460","Boston-Cambridge-Newton, MA-NH","25","Massachusetts","025","Suffolk","42.3295","-71.0826"
"01/14/2020","AQS","250250042","1","0.3","ppm","3","DUDLEY SQUARE ROXBURY","24","100.0000","42101","Carbon monoxide","14460","Boston-Cambridge-Newton, MA-NH","25","Massachusetts","025","Suffolk","42.3295","-71.0826"
"01/15/2020","AQS","250250042","1","0.6","ppm","7","DUDLEY SQUARE ROXBURY","24","100.0000","42101","Carbon monoxide","14460","Boston-Cambridge-Newton, MA-NH","25","Massachusetts","025","Suffolk","42.3295","-71.0826"
"01/16/2020","AQS","250250042","1","0.6","ppm","7","DUDLEY SQUARE ROXBURY","24","100.0000","42101","Carbon monoxide","14460","Boston-Cambridge-Newton, MA-NH","25","Massachusetts","025","Suffolk","42.3295","-71.0826"
"01/17/2020","AQS","250250042","1","0.2","ppm","2","DUDLEY SQUARE ROXBURY","24","100.0000","42101","Carbon monoxide","14460","Boston-Cambridge-Newton, MA-NH","25","Massachusetts","025","Suffolk","42.3295","-71.0826"
"01/18/2020","AQS","250250042","1","0.3","ppm","3","DUDLEY SQUARE ROXBURY","24","100.0000","42101","Carbon monoxide","14460","Boston-Cambridge-Newton, MA-NH","25","Massachusetts","025","Suffolk","42.3295","-71.0826"
"01/19/2020","AQS","250250042","1","0.5","ppm","6","DUDLEY SQUARE ROXBURY","24","100.0000","42101","Carbon monoxide","14460","Boston-Cambridge-Newton, MA-NH","25","Massachusetts","025","Suffolk","42.3295","-71.0826"
"01/20/2020","AQS","250250042","1","0.2","ppm","2","DUDLEY SQUARE ROXBURY","24","100.0000","42101","Carbon monoxide","14460","Boston-Cambridge-Newton, MA-NH","25","Massachusetts","025","Suffolk","42.3295","-71.0826"
"01/21/2020","AQS","250250042","1","0.6","ppm","7","DUDLEY SQUARE ROXBURY","24","100.0000","42101","Carbon monoxide","14460","Boston-Cambridge-Newton, MA-NH","25","Massachusetts","025","Suffolk","42.3295","-71.0826"
"01/22/2020","AQS","250250042","1","0.7","ppm","8","DUDLEY SQUARE ROXBURY","24","100.0000","42101","Carbon monoxide","14460","Boston-Cambridge-Newton, MA-NH","25","Massachusetts","025","Suffolk","42.3295","-71.0826"
"01/23/2020","AQS","250250042","1","0.7","ppm","8","DUDLEY SQUARE ROXBURY","24","100.0000","42101","Carbon monoxide","14460","Boston-Cambridge-Newton, MA-NH","25","Massachusetts","025","Suffolk","42.3295","-71.0826"
"01/24/2020","AQS","250250042","1","0.6","ppm","7","DUDLEY SQUARE ROXBURY","24","100.0000","42101","Carbon monoxide","14460","Boston-Cambridge-Newton, MA-NH","25","Massachusetts","025","Suffolk","42.3295","-71.0826"
"01/25/2020","AQS","250250042","1","0.3","ppm","3","DUDLEY SQUARE ROXBURY","24","100.0000","42101","Carbon monoxide","14460","Boston-Cambridge-Newton, MA-NH","25","Massachusetts","025","Suffolk","42.3295","-71.0826"
"01/26/2020","AQS","250250042","1","0.3","ppm","3","DUDLEY SQUARE ROXBURY","24","100.0000","42101","Carbon monoxide","14460","Boston-Cambridge-Newton, MA-NH","25","Massachusetts","025","Suffolk","42.3295","-71.0826"
"01/27/2020","AQS","250250042","1","0.3","ppm","3","DUDLEY SQUARE ROXBURY","24","100.0000","42101","Carbon monoxide","14460","Boston-Cambridge-Newton, MA-NH","25","Massachusetts","025","Suffolk","42.3295","-71.0826"
"01/28/2020","AQS","250250042","1","0.3","ppm","3","DUDLEY SQUARE ROXBURY","24","100.0000","42101","Carbon monoxide","14460","Boston-Cambridge-Newton, MA-NH","25","Massachusetts","025","Suffolk","42.3295","-71.0826"
"01/29/2020","AQS","250250042","1","0.2","ppm","2","DUDLEY SQUARE ROXBURY","24","100.0000","42101","Carbon monoxide","14460","Boston-Cambridge-Newton, MA-NH","25","Massachusetts","025","Suffolk","42.3295","-71.0826"
"01/30/2020","AQS","250250042","1","0.4","ppm","5","DUDLEY SQUARE ROXBURY","24","100.0000","42101","Carbon monoxide","14460","Boston-Cambridge-Newton, MA-NH","25","Massachusetts","025","Suffolk","42.3295","-71.0826"
"01/31/2020","AQS","250250042","1","0.4","ppm","5","DUDLEY SQUARE ROXBURY","24","100.0000","42101","Carbon monoxide","14460","Boston-Cambridge-Newton, MA-NH","25","Massachusetts","025","Suffolk","42.3295","-71.0826"
"02/01/2020","AQS","250250042","1","0.5","ppm","6","DUDLEY SQUARE ROXBURY","24","100.0000","42101","Carbon monoxide","14460","Boston-Cambridge-Newton, MA-NH","25","Massachusetts","025","Suffolk","42.3295","-71.0826"
"02/02/2020","AQS","250250042","1","0.4","ppm","5","DUDLEY SQUARE ROXBURY","24","100.0000","42101","Carbon monoxide","14460","Boston-Cambridge-Newton, MA-NH","25","Massachusetts","025","Suffolk","42.3295","-71.0826"
"02/03/2020","AQS","250250042","1","0.5","ppm","6","DUDLEY SQUARE ROXBURY","24","100.0000","42101","Carbon monoxide","14460","Boston-Cambridge-Newton, MA-NH","25","Massachusetts","025","Suffolk","42.3295","-71.0826"
"02/04/2020","AQS","250250042","1","0.7","ppm","8","DUDLEY SQUARE ROXBURY","24","100.0000","42101","Carbon monoxide","14460","Boston-Cambridge-Newton, MA-NH","25","Massachusetts","025","Suffolk","42.3295","-71.0826"
"02/05/2020","AQS","250250042","1","0.8","ppm","9","DUDLEY SQUARE ROXBURY","24","100.0000","42101","Carbon monoxide","14460","Boston-Cambridge-Newton, MA-NH","25","Massachusetts","025","Suffolk","42.3295","-71.0826"
"02/06/2020","AQS","250250042","1","0.3","ppm","3","DUDLEY SQUARE ROXBURY","24","100.0000","42101","Carbon monoxide","14460","Boston-Cambridge-Newton, MA-NH","25","Massachusetts","025","Suffolk","42.3295","-71.0826"
"02/07/2020","AQS","250250042","1","0.4","ppm","5","DUDLEY SQUARE ROXBURY","24","100.0000","42101","Carbon monoxide","14460","Boston-Cambridge-Newton, MA-NH","25","Massachusetts","025","Suffolk","42.3295","-71.0826"
"02/08/2020","AQS","250250042","1","0.2","ppm","2","DUDLEY SQUARE ROXBURY","24","100.0000","42101","Carbon monoxide","14460","Boston-Cambridge-Newton, MA-NH","25","Massachusetts","025","Suffolk","42.3295","-71.0826"
"02/09/2020","AQS","250250042","1","0.3","ppm","3","DUDLEY SQUARE ROXBURY","24","100.0000","42101","Carbon monoxide","14460","Boston-Cambridge-Newton, MA-NH","25","Massachusetts","025","Suffolk","42.3295","-71.0826"
"02/10/2020","AQS","250250042","1","0.3","ppm","3","DUDLEY SQUARE ROXBURY","24","100.0000","42101","Carbon monoxide","14460","Boston-Cambridge-Newton, MA-NH","25","Massachusetts","025","Suffolk","42.3295","-71.0826"
"02/11/2020","AQS","250250042","1","0.4","ppm","5","DUDLEY SQUARE ROXBURY","24","100.0000","42101","Carbon monoxide","14460","Boston-Cambridge-Newton, MA-NH","25","Massachusetts","025","Suffolk","42.3295","-71.0826"
"02/12/2020","AQS","250250042","1","0.4","ppm","5","DUDLEY SQUARE ROXBURY","24","100.0000","42101","Carbon monoxide","14460","Boston-Cambridge-Newton, MA-NH","25","Massachusetts","025","Suffolk","42.3295","-71.0826"
"02/13/2020","AQS","250250042","1","0.5","ppm","6","DUDLEY SQUARE ROXBURY","24","100.0000","42101","Carbon monoxide","14460","Boston-Cambridge-Newton, MA-NH","25","Massachusetts","025","Suffolk","42.3295","-71.0826"
"02/14/2020","AQS","250250042","1","0.4","ppm","5","DUDLEY SQUARE ROXBURY","24","100.0000","42101","Carbon monoxide","14460","Boston-Cambridge-Newton, MA-NH","25","Massachusetts","025","Suffolk","42.3295","-71.0826"
"02/15/2020","AQS","250250042","1","0.2","ppm","2","DUDLEY SQUARE ROXBURY","24","100.0000","42101","Carbon monoxide","14460","Boston-Cambridge-Newton, MA-NH","25","Massachusetts","025","Suffolk","42.3295","-71.0826"
"02/16/2020","AQS","250250042","1","0.4","ppm","5","DUDLEY SQUARE ROXBURY","24","100.0000","42101","Carbon monoxide","14460","Boston-Cambridge-Newton, MA-NH","25","Massachusetts","025","Suffolk","42.3295","-71.0826"
"02/17/2020","AQS","250250042","1","0.5","ppm","6","DUDLEY SQUARE ROXBURY","24","100.0000","42101","Carbon monoxide","14460","Boston-Cambridge-Newton, MA-NH","25","Massachusetts","025","Suffolk","42.3295","-71.0826"
"02/18/2020","AQS","250250042","1","0.3","ppm","3","DUDLEY SQUARE ROXBURY","24","100.0000","42101","Carbon monoxide","14460","Boston-Cambridge-Newton, MA-NH","25","Massachusetts","025","Suffolk","42.3295","-71.0826"
"02/19/2020","AQS","250250042","1","0.3","ppm","3","DUDLEY SQUARE ROXBURY","24","100.0000","42101","Carbon monoxide","14460","Boston-Cambridge-Newton, MA-NH","25","Massachusetts","025","Suffolk","42.3295","-71.0826"
"02/20/2020","AQS","250250042","1","0.2","ppm","2","DUDLEY SQUARE ROXBURY","24","100.0000","42101","Carbon monoxide","14460","Boston-Cambridge-Newton, MA-NH","25","Massachusetts","025","Suffolk","42.3295","-71.0826"
"02/21/2020","AQS","250250042","1","0.3","ppm","3","DUDLEY SQUARE ROXBURY","24","100.0000","42101","Carbon monoxide","14460","Boston-Cambridge-Newton, MA-NH","25","Massachusetts","025","Suffolk","42.3295","-71.0826"
"02/22/2020","AQS","250250042","1","0.3","ppm","3","DUDLEY SQUARE ROXBURY","24","100.0000","42101","Carbon monoxide","14460","Boston-Cambridge-Newton, MA-NH","25","Massachusetts","025","Suffolk","42.3295","-71.0826"
"02/23/2020","AQS","250250042","1","0.3","ppm","3","DUDLEY SQUARE ROXBURY","24","100.0000","42101","Carbon monoxide","14460","Boston-Cambridge-Newton, MA-NH","25","Massachusetts","025","Suffolk","42.3295","-71.0826"
"02/24/2020","AQS","250250042","1","0.4","ppm","5","DUDLEY SQUARE ROXBURY","24","100.0000","42101","Carbon monoxide","14460","Boston-Cambridge-Newton, MA-NH","25","Massachusetts","025","Suffolk","42.3295","-71.0826"
"02/25/2020","AQS","250250042","1","0.3","ppm","3","DUDLEY SQUARE ROXBURY","24","100.0000","42101","Carbon monoxide","14460","Boston-Cambridge-Newton, MA-NH","25","Massachusetts","025","Suffolk","42.3295","-71.0826"
"02/26/2020","AQS","250250042","1","0.3","ppm","3","DUDLEY SQUARE ROXBURY","24","100.0000","42101","Carbon monoxide","14460","Boston-Cambridge-Newton, MA-NH","25","Massachusetts","025","Suffolk","42.3295","-71.0826"
"02/27/2020","AQS","250250042","1","0.2","ppm","2","DUDLEY SQUARE ROXBURY","24","100.0000","42101","Carbon monoxide","14460","Boston-Cambridge-Newton, MA-NH","25","Massachusetts","025","Suffolk","42.3295","-71.0826"
"02/28/2020","AQS","250250042","1","0.3","ppm","3","DUDLEY SQUARE ROXBURY","24","100.0000","42101","Carbon monoxide","14460","Boston-Cambridge-Newton, MA-NH","25","Massachusetts","025","Suffolk","42.3295","-71.0826"
"02/29/2020","AQS","250250042","1","0.3","ppm","3","DUDLEY SQUARE ROXBURY","24","100.0000","42101","Carbon monoxide","14460","Boston-Cambridge-Newton, MA-NH","25","Massachusetts","025","Suffolk","42.3295","-71.0826"
"03/01/2020","AQS","250250042","1","0.3","ppm","3","DUDLEY SQUARE ROXBURY","24","100.0000","42101","Carbon monoxide","14460","Boston-Cambridge-Newton, MA-NH","25","Massachusetts","025","Suffolk","42.3295","-71.0826"
"03/02/2020","AQS","250250042","1","0.6","ppm","7","DUDLEY SQUARE ROXBURY","24","100.0000","42101","Carbon monoxide","14460","Boston-Cambridge-Newton, MA-NH","25","Massachusetts","025","Suffolk","42.3295","-71.0826"
"03/03/2020","AQS","250250042","1","0.3","ppm","3","DUDLEY SQUARE ROXBURY","24","100.0000","42101","Carbon monoxide","14460","Boston-Cambridge-Newton, MA-NH","25","Massachusetts","025","Suffolk","42.3295","-71.0826"
"03/04/2020","AQS","250250042","1","0.2","ppm","2","DUDLEY SQUARE ROXBURY","24","100.0000","42101","Carbon monoxide","14460","Boston-Cambridge-Newton, MA-NH","25","Massachusetts","025","Suffolk","42.3295","-71.0826"
"03/05/2020","AQS","250250042","1","0.4","ppm","5","DUDLEY SQUARE ROXBURY","18","75.0000","42101","Carbon monoxide","14460","Boston-Cambridge-Newton, MA-NH","25","Massachusetts","025","Suffolk","42.3295","-71.0826"
"03/06/2020","AQS","250250042","1","0.8","ppm","9","DUDLEY SQUARE ROXBURY","24","100.0000","42101","Carbon monoxide","14460","Boston-Cambridge-Newton, MA-NH","25","Massachusetts","025","Suffolk","42.3295","-71.0826"
"03/07/2020","AQS","250250042","1","0.2","ppm","2","DUDLEY SQUARE ROXBURY","24","100.0000","42101","Carbon monoxide","14460","Boston-Cambridge-Newton, MA-NH","25","Massachusetts","025","Suffolk","42.3295","-71.0826"
"03/08/2020","AQS","250250042","1","0.3","ppm","3","DUDLEY SQUARE ROXBURY","24","100.0000","42101","Carbon monoxide","14460","Boston-Cambridge-Newton, MA-NH","25","Massachusetts","025","Suffolk","42.3295","-71.0826"
"03/09/2020","AQS","250250042","1","0.3","ppm","3","DUDLEY SQUARE ROXBURY","24","100.0000","42101","Carbon monoxide","14460","Boston-Cambridge-Newton, MA-NH","25","Massachusetts","025","Suffolk","42.3295","-71.0826"
"03/10/2020","AQS","250250042","1","0.3","ppm","3","DUDLEY SQUARE ROXBURY","24","100.0000","42101","Carbon monoxide","14460","Boston-Cambridge-Newton, MA-NH","25","Massachusetts","025","Suffolk","42.3295","-71.0826"
"03/11/2020","AQS","250250042","1","0.2","ppm","2","DUDLEY SQUARE ROXBURY","24","100.0000","42101","Carbon monoxide","14460","Boston-Cambridge-Newton, MA-NH","25","Massachusetts","025","Suffolk","42.3295","-71.0826"
"03/12/2020","AQS","250250042","1","0.2","ppm","2","DUDLEY SQUARE ROXBURY","24","100.0000","42101","Carbon monoxide","14460","Boston-Cambridge-Newton, MA-NH","25","Massachusetts","025","Suffolk","42.3295","-71.0826"
"03/13/2020","AQS","250250042","1","0.2","ppm","2","DUDLEY SQUARE ROXBURY","24","100.0000","42101","Carbon monoxide","14460","Boston-Cambridge-Newton, MA-NH","25","Massachusetts","025","Suffolk","42.3295","-71.0826"
"03/14/2020","AQS","250250042","1","0.2","ppm","2","DUDLEY SQUARE ROXBURY","24","100.0000","42101","Carbon monoxide","14460","Boston-Cambridge-Newton, MA-NH","25","Massachusetts","025","Suffolk","42.3295","-71.0826"
"03/15/2020","AQS","250250042","1","0.2","ppm","2","DUDLEY SQUARE ROXBURY","24","100.0000","42101","Carbon monoxide","14460","Boston-Cambridge-Newton, MA-NH","25","Massachusetts","025","Suffolk","42.3295","-71.0826"
"03/16/2020","AQS","250250042","1","0.2","ppm","2","DUDLEY SQUARE ROXBURY","24","100.0000","42101","Carbon monoxide","14460","Boston-Cambridge-Newton, MA-NH","25","Massachusetts","025","Suffolk","42.3295","-71.0826"
"03/17/2020","AQS","250250042","1","0.3","ppm","3","DUDLEY SQUARE ROXBURY","24","100.0000","42101","Carbon monoxide","14460","Boston-Cambridge-Newton, MA-NH","25","Massachusetts","025","Suffolk","42.3295","-71.0826"
"03/18/2020","AQS","250250042","1","0.3","ppm","3","DUDLEY SQUARE ROXBURY","24","100.0000","42101","Carbon monoxide","14460","Boston-Cambridge-Newton, MA-NH","25","Massachusetts","025","Suffolk","42.3295","-71.0826"
"03/19/2020","AQS","250250042","1","0.2","ppm","2","DUDLEY SQUARE ROXBURY","24","100.0000","42101","Carbon monoxide","14460","Boston-Cambridge-Newton, MA-NH","25","Massachusetts","025","Suffolk","42.3295","-71.0826"
"03/20/2020","AQS","250250042","1","0.3","ppm","3","DUDLEY SQUARE ROXBURY","24","100.0000","42101","Carbon monoxide","14460","Boston-Cambridge-Newton, MA-NH","25","Massachusetts","025","Suffolk","42.3295","-71.0826"
"03/21/2020","AQS","250250042","1","0.2","ppm","2","DUDLEY SQUARE ROXBURY","24","100.0000","42101","Carbon monoxide","14460","Boston-Cambridge-Newton, MA-NH","25","Massachusetts","025","Suffolk","42.3295","-71.0826"
"03/22/2020","AQS","250250042","1","0.2","ppm","2","DUDLEY SQUARE ROXBURY","24","100.0000","42101","Carbon monoxide","14460","Boston-Cambridge-Newton, MA-NH","25","Massachusetts","025","Suffolk","42.3295","-71.0826"
"03/23/2020","AQS","250250042","1","0.2","ppm","2","DUDLEY SQUARE ROXBURY","24","100.0000","42101","Carbon monoxide","14460","Boston-Cambridge-Newton, MA-NH","25","Massachusetts","025","Suffolk","42.3295","-71.0826"
"03/24/2020","AQS","250250042","1","0.2","ppm","2","DUDLEY SQUARE ROXBURY","24","100.0000","42101","Carbon monoxide","14460","Boston-Cambridge-Newton, MA-NH","25","Massachusetts","025","Suffolk","42.3295","-71.0826"
"03/25/2020","AQS","250250042","1","0.2","ppm","2","DUDLEY SQUARE ROXBURY","24","100.0000","42101","Carbon monoxide","14460","Boston-Cambridge-Newton, MA-NH","25","Massachusetts","025","Suffolk","42.3295","-71.0826"
"03/26/2020","AQS","250250042","1","0.2","ppm","2","DUDLEY SQUARE ROXBURY","20","83.0000","42101","Carbon monoxide","14460","Boston-Cambridge-Newton, MA-NH","25","Massachusetts","025","Suffolk","42.3295","-71.0826"
"03/27/2020","AQS","250250042","1","0.2","ppm","2","DUDLEY SQUARE ROXBURY","24","100.0000","42101","Carbon monoxide","14460","Boston-Cambridge-Newton, MA-NH","25","Massachusetts","025","Suffolk","42.3295","-71.0826"
"03/28/2020","AQS","250250042","1","0.2","ppm","2","DUDLEY SQUARE ROXBURY","24","100.0000","42101","Carbon monoxide","14460","Boston-Cambridge-Newton, MA-NH","25","Massachusetts","025","Suffolk","42.3295","-71.0826"
"03/29/2020","AQS","250250042","1","0.2","ppm","2","DUDLEY SQUARE ROXBURY","24","100.0000","42101","Carbon monoxide","14460","Boston-Cambridge-Newton, MA-NH","25","Massachusetts","025","Suffolk","42.3295","-71.0826"
"03/30/2020","AQS","250250042","1","0.2","ppm","2","DUDLEY SQUARE ROXBURY","24","100.0000","42101","Carbon monoxide","14460","Boston-Cambridge-Newton, MA-NH","25","Massachusetts","025","Suffolk","42.3295","-71.0826"
"03/31/2020","AQS","250250042","1","0.2","ppm","2","DUDLEY SQUARE ROXBURY","24","100.0000","42101","Carbon monoxide","14460","Boston-Cambridge-Newton, MA-NH","25","Massachusetts","025","Suffolk","42.3295","-71.0826"
"04/01/2020","AQS","250250042","1","0.2","ppm","2","DUDLEY SQUARE ROXBURY","24","100.0000","42101","Carbon monoxide","14460","Boston-Cambridge-Newton, MA-NH","25","Massachusetts","025","Suffolk","42.3295","-71.0826"
"04/02/2020","AQS","250250042","1","0.2","ppm","2","DUDLEY SQUARE ROXBURY","24","100.0000","42101","Carbon monoxide","14460","Boston-Cambridge-Newton, MA-NH","25","Massachusetts","025","Suffolk","42.3295","-71.0826"
"04/03/2020","AQS","250250042","1","0.2","ppm","2","DUDLEY SQUARE ROXBURY","24","100.0000","42101","Carbon monoxide","14460","Boston-Cambridge-Newton, MA-NH","25","Massachusetts","025","Suffolk","42.3295","-71.0826"
"04/04/2020","AQS","250250042","1","0.2","ppm","2","DUDLEY SQUARE ROXBURY","24","100.0000","42101","Carbon monoxide","14460","Boston-Cambridge-Newton, MA-NH","25","Massachusetts","025","Suffolk","42.3295","-71.0826"
"04/05/2020","AQS","250250042","1","0.2","ppm","2","DUDLEY SQUARE ROXBURY","24","100.0000","42101","Carbon monoxide","14460","Boston-Cambridge-Newton, MA-NH","25","Massachusetts","025","Suffolk","42.3295","-71.0826"
"04/06/2020","AQS","250250042","1","0.2","ppm","2","DUDLEY SQUARE ROXBURY","24","100.0000","42101","Carbon monoxide","14460","Boston-Cambridge-Newton, MA-NH","25","Massachusetts","025","Suffolk","42.3295","-71.0826"
"04/07/2020","AQS","250250042","1","0.2","ppm","2","DUDLEY SQUARE ROXBURY","24","100.0000","42101","Carbon monoxide","14460","Boston-Cambridge-Newton, MA-NH","25","Massachusetts","025","Suffolk","42.3295","-71.0826"
"04/08/2020","AQS","250250042","1","0.3","ppm","3","DUDLEY SQUARE ROXBURY","24","100.0000","42101","Carbon monoxide","14460","Boston-Cambridge-Newton, MA-NH","25","Massachusetts","025","Suffolk","42.3295","-71.0826"
"04/09/2020","AQS","250250042","1","0.2","ppm","2","DUDLEY SQUARE ROXBURY","24","100.0000","42101","Carbon monoxide","14460","Boston-Cambridge-Newton, MA-NH","25","Massachusetts","025","Suffolk","42.3295","-71.0826"
"04/10/2020","AQS","250250042","1","0.2","ppm","2","DUDLEY SQUARE ROXBURY","24","100.0000","42101","Carbon monoxide","14460","Boston-Cambridge-Newton, MA-NH","25","Massachusetts","025","Suffolk","42.3295","-71.0826"
"04/11/2020","AQS","250250042","1","0.2","ppm","2","DUDLEY SQUARE ROXBURY","24","100.0000","42101","Carbon monoxide","14460","Boston-Cambridge-Newton, MA-NH","25","Massachusetts","025","Suffolk","42.3295","-71.0826"
"04/12/2020","AQS","250250042","1","0.2","ppm","2","DUDLEY SQUARE ROXBURY","24","100.0000","42101","Carbon monoxide","14460","Boston-Cambridge-Newton, MA-NH","25","Massachusetts","025","Suffolk","42.3295","-71.0826"
"04/13/2020","AQS","250250042","1","0.2","ppm","2","DUDLEY SQUARE ROXBURY","24","100.0000","42101","Carbon monoxide","14460","Boston-Cambridge-Newton, MA-NH","25","Massachusetts","025","Suffolk","42.3295","-71.0826"
"04/14/2020","AQS","250250042","1","0.2","ppm","2","DUDLEY SQUARE ROXBURY","24","100.0000","42101","Carbon monoxide","14460","Boston-Cambridge-Newton, MA-NH","25","Massachusetts","025","Suffolk","42.3295","-71.0826"
"04/15/2020","AQS","250250042","1","0.2","ppm","2","DUDLEY SQUARE ROXBURY","24","100.0000","42101","Carbon monoxide","14460","Boston-Cambridge-Newton, MA-NH","25","Massachusetts","025","Suffolk","42.3295","-71.0826"
"04/16/2020","AQS","250250042","1","0.2","ppm","2","DUDLEY SQUARE ROXBURY","20","83.0000","42101","Carbon monoxide","14460","Boston-Cambridge-Newton, MA-NH","25","Massachusetts","025","Suffolk","42.3295","-71.0826"
"04/17/2020","AQS","250250042","1","0.2","ppm","2","DUDLEY SQUARE ROXBURY","24","100.0000","42101","Carbon monoxide","14460","Boston-Cambridge-Newton, MA-NH","25","Massachusetts","025","Suffolk","42.3295","-71.0826"
"04/18/2020","AQS","250250042","1","0.2","ppm","2","DUDLEY SQUARE ROXBURY","24","100.0000","42101","Carbon monoxide","14460","Boston-Cambridge-Newton, MA-NH","25","Massachusetts","025","Suffolk","42.3295","-71.0826"
"04/19/2020","AQS","250250042","1","0.2","ppm","2","DUDLEY SQUARE ROXBURY","24","100.0000","42101","Carbon monoxide","14460","Boston-Cambridge-Newton, MA-NH","25","Massachusetts","025","Suffolk","42.3295","-71.0826"
"04/20/2020","AQS","250250042","1","0.3","ppm","3","DUDLEY SQUARE ROXBURY","24","100.0000","42101","Carbon monoxide","14460","Boston-Cambridge-Newton, MA-NH","25","Massachusetts","025","Suffolk","42.3295","-71.0826"
"04/21/2020","AQS","250250042","1","0.3","ppm","3","DUDLEY SQUARE ROXBURY","24","100.0000","42101","Carbon monoxide","14460","Boston-Cambridge-Newton, MA-NH","25","Massachusetts","025","Suffolk","42.3295","-71.0826"
"04/22/2020","AQS","250250042","1","0.2","ppm","2","DUDLEY SQUARE ROXBURY","24","100.0000","42101","Carbon monoxide","14460","Boston-Cambridge-Newton, MA-NH","25","Massachusetts","025","Suffolk","42.3295","-71.0826"
"04/23/2020","AQS","250250042","1","0.2","ppm","2","DUDLEY SQUARE ROXBURY","24","100.0000","42101","Carbon monoxide","14460","Boston-Cambridge-Newton, MA-NH","25","Massachusetts","025","Suffolk","42.3295","-71.0826"
"04/24/2020","AQS","250250042","1","0.3","ppm","3","DUDLEY SQUARE ROXBURY","24","100.0000","42101","Carbon monoxide","14460","Boston-Cambridge-Newton, MA-NH","25","Massachusetts","025","Suffolk","42.3295","-71.0826"
"04/25/2020","AQS","250250042","1","0.5","ppm","6","DUDLEY SQUARE ROXBURY","24","100.0000","42101","Carbon monoxide","14460","Boston-Cambridge-Newton, MA-NH","25","Massachusetts","025","Suffolk","42.3295","-71.0826"
"04/26/2020","AQS","250250042","1","0.2","ppm","2","DUDLEY SQUARE ROXBURY","24","100.0000","42101","Carbon monoxide","14460","Boston-Cambridge-Newton, MA-NH","25","Massachusetts","025","Suffolk","42.3295","-71.0826"
"04/27/2020","AQS","250250042","1","0.2","ppm","2","DUDLEY SQUARE ROXBURY","24","100.0000","42101","Carbon monoxide","14460","Boston-Cambridge-Newton, MA-NH","25","Massachusetts","025","Suffolk","42.3295","-71.0826"
"04/28/2020","AQS","250250042","1","0.2","ppm","2","DUDLEY SQUARE ROXBURY","24","100.0000","42101","Carbon monoxide","14460","Boston-Cambridge-Newton, MA-NH","25","Massachusetts","025","Suffolk","42.3295","-71.0826"
"04/29/2020","AQS","250250042","1","0.2","ppm","2","DUDLEY SQUARE ROXBURY","24","100.0000","42101","Carbon monoxide","14460","Boston-Cambridge-Newton, MA-NH","25","Massachusetts","025","Suffolk","42.3295","-71.0826"
"04/30/2020","AQS","250250042","1","0.2","ppm","2","DUDLEY SQUARE ROXBURY","24","100.0000","42101","Carbon monoxide","14460","Boston-Cambridge-Newton, MA-NH","25","Massachusetts","025","Suffolk","42.3295","-71.0826"
"05/01/2020","AQS","250250042","1","0.3","ppm","3","DUDLEY SQUARE ROXBURY","24","100.0000","42101","Carbon monoxide","14460","Boston-Cambridge-Newton, MA-NH","25","Massachusetts","025","Suffolk","42.3295","-71.0826"
"05/02/2020","AQS","250250042","1","0.3","ppm","3","DUDLEY SQUARE ROXBURY","24","100.0000","42101","Carbon monoxide","14460","Boston-Cambridge-Newton, MA-NH","25","Massachusetts","025","Suffolk","42.3295","-71.0826"
"05/03/2020","AQS","250250042","1","0.3","ppm","3","DUDLEY SQUARE ROXBURY","24","100.0000","42101","Carbon monoxide","14460","Boston-Cambridge-Newton, MA-NH","25","Massachusetts","025","Suffolk","42.3295","-71.0826"
"05/04/2020","AQS","250250042","1","0.3","ppm","3","DUDLEY SQUARE ROXBURY","24","100.0000","42101","Carbon monoxide","14460","Boston-Cambridge-Newton, MA-NH","25","Massachusetts","025","Suffolk","42.3295","-71.0826"
"05/05/2020","AQS","250250042","1","0.1","ppm","1","DUDLEY SQUARE ROXBURY","24","100.0000","42101","Carbon monoxide","14460","Boston-Cambridge-Newton, MA-NH","25","Massachusetts","025","Suffolk","42.3295","-71.0826"
"05/06/2020","AQS","250250042","1","0.2","ppm","2","DUDLEY SQUARE ROXBURY","24","100.0000","42101","Carbon monoxide","14460","Boston-Cambridge-Newton, MA-NH","25","Massachusetts","025","Suffolk","42.3295","-71.0826"
"05/07/2020","AQS","250250042","1","0.2","ppm","2","DUDLEY SQUARE ROXBURY","24","100.0000","42101","Carbon monoxide","14460","Boston-Cambridge-Newton, MA-NH","25","Massachusetts","025","Suffolk","42.3295","-71.0826"
"05/08/2020","AQS","250250042","1","0.2","ppm","2","DUDLEY SQUARE ROXBURY","24","100.0000","42101","Carbon monoxide","14460","Boston-Cambridge-Newton, MA-NH","25","Massachusetts","025","Suffolk","42.3295","-71.0826"
"05/09/2020","AQS","250250042","1","0.2","ppm","2","DUDLEY SQUARE ROXBURY","24","100.0000","42101","Carbon monoxide","14460","Boston-Cambridge-Newton, MA-NH","25","Massachusetts","025","Suffolk","42.3295","-71.0826"
"05/10/2020","AQS","250250042","1","0.2","ppm","2","DUDLEY SQUARE ROXBURY","24","100.0000","42101","Carbon monoxide","14460","Boston-Cambridge-Newton, MA-NH","25","Massachusetts","025","Suffolk","42.3295","-71.0826"
"05/11/2020","AQS","250250042","1","0.3","ppm","3","DUDLEY SQUARE ROXBURY","24","100.0000","42101","Carbon monoxide","14460","Boston-Cambridge-Newton, MA-NH","25","Massachusetts","025","Suffolk","42.3295","-71.0826"
"05/12/2020","AQS","250250042","1","0.2","ppm","2","DUDLEY SQUARE ROXBURY","24","100.0000","42101","Carbon monoxide","14460","Boston-Cambridge-Newton, MA-NH","25","Massachusetts","025","Suffolk","42.3295","-71.0826"
"05/13/2020","AQS","250250042","1","0.2","ppm","2","DUDLEY SQUARE ROXBURY","24","100.0000","42101","Carbon monoxide","14460","Boston-Cambridge-Newton, MA-NH","25","Massachusetts","025","Suffolk","42.3295","-71.0826"
"05/14/2020","AQS","250250042","1","0.2","ppm","2","DUDLEY SQUARE ROXBURY","24","100.0000","42101","Carbon monoxide","14460","Boston-Cambridge-Newton, MA-NH","25","Massachusetts","025","Suffolk","42.3295","-71.0826"
"05/15/2020","AQS","250250042","1","0.2","ppm","2","DUDLEY SQUARE ROXBURY","24","100.0000","42101","Carbon monoxide","14460","Boston-Cambridge-Newton, MA-NH","25","Massachusetts","025","Suffolk","42.3295","-71.0826"
"05/16/2020","AQS","250250042","1","0.2","ppm","2","DUDLEY SQUARE ROXBURY","24","100.0000","42101","Carbon monoxide","14460","Boston-Cambridge-Newton, MA-NH","25","Massachusetts","025","Suffolk","42.3295","-71.0826"
"05/17/2020","AQS","250250042","1","0.2","ppm","2","DUDLEY SQUARE ROXBURY","24","100.0000","42101","Carbon monoxide","14460","Boston-Cambridge-Newton, MA-NH","25","Massachusetts","025","Suffolk","42.3295","-71.0826"
"05/18/2020","AQS","250250042","1","0.2","ppm","2","DUDLEY SQUARE ROXBURY","24","100.0000","42101","Carbon monoxide","14460","Boston-Cambridge-Newton, MA-NH","25","Massachusetts","025","Suffolk","42.3295","-71.0826"
"05/19/2020","AQS","250250042","1","0.2","ppm","2","DUDLEY SQUARE ROXBURY","7","29.0000","42101","Carbon monoxide","14460","Boston-Cambridge-Newton, MA-NH","25","Massachusetts","025","Suffolk","42.3295","-71.0826"
"05/20/2020","AQS","250250042","1","0.2","ppm","2","DUDLEY SQUARE ROXBURY","10","42.0000","42101","Carbon monoxide","14460","Boston-Cambridge-Newton, MA-NH","25","Massachusetts","025","Suffolk","42.3295","-71.0826"
"05/21/2020","AQS","250250042","1","0.2","ppm","2","DUDLEY SQUARE ROXBURY","24","100.0000","42101","Carbon monoxide","14460","Boston-Cambridge-Newton, MA-NH","25","Massachusetts","025","Suffolk","42.3295","-71.0826"
"05/22/2020","AQS","250250042","1","0.2","ppm","2","DUDLEY SQUARE ROXBURY","24","100.0000","42101","Carbon monoxide","14460","Boston-Cambridge-Newton, MA-NH","25","Massachusetts","025","Suffolk","42.3295","-71.0826"
"05/23/2020","AQS","250250042","1","0.2","ppm","2","DUDLEY SQUARE ROXBURY","24","100.0000","42101","Carbon monoxide","14460","Boston-Cambridge-Newton, MA-NH","25","Massachusetts","025","Suffolk","42.3295","-71.0826"
"05/24/2020","AQS","250250042","1","0.1","ppm","1","DUDLEY SQUARE ROXBURY","24","100.0000","42101","Carbon monoxide","14460","Boston-Cambridge-Newton, MA-NH","25","Massachusetts","025","Suffolk","42.3295","-71.0826"
"05/25/2020","AQS","250250042","1","0.2","ppm","2","DUDLEY SQUARE ROXBURY","24","100.0000","42101","Carbon monoxide","14460","Boston-Cambridge-Newton, MA-NH","25","Massachusetts","025","Suffolk","42.3295","-71.0826"
"05/26/2020","AQS","250250042","1","0.2","ppm","2","DUDLEY SQUARE ROXBURY","24","100.0000","42101","Carbon monoxide","14460","Boston-Cambridge-Newton, MA-NH","25","Massachusetts","025","Suffolk","42.3295","-71.0826"
"05/27/2020","AQS","250250042","1","0.2","ppm","2","DUDLEY SQUARE ROXBURY","24","100.0000","42101","Carbon monoxide","14460","Boston-Cambridge-Newton, MA-NH","25","Massachusetts","025","Suffolk","42.3295","-71.0826"
"05/28/2020","AQS","250250042","1","0.2","ppm","2","DUDLEY SQUARE ROXBURY","7","29.0000","42101","Carbon monoxide","14460","Boston-Cambridge-Newton, MA-NH","25","Massachusetts","025","Suffolk","42.3295","-71.0826"
"06/02/2020","AQS","250250042","1","0.2","ppm","2","DUDLEY SQUARE ROXBURY","11","46.0000","42101","Carbon monoxide","14460","Boston-Cambridge-Newton, MA-NH","25","Massachusetts","025","Suffolk","42.3295","-71.0826"
"06/03/2020","AQS","250250042","1","0.2","ppm","2","DUDLEY SQUARE ROXBURY","24","100.0000","42101","Carbon monoxide","14460","Boston-Cambridge-Newton, MA-NH","25","Massachusetts","025","Suffolk","42.3295","-71.0826"
"06/04/2020","AQS","250250042","1","0.2","ppm","2","DUDLEY SQUARE ROXBURY","24","100.0000","42101","Carbon monoxide","14460","Boston-Cambridge-Newton, MA-NH","25","Massachusetts","025","Suffolk","42.3295","-71.0826"
"06/05/2020","AQS","250250042","1","0.2","ppm","2","DUDLEY SQUARE ROXBURY","24","100.0000","42101","Carbon monoxide","14460","Boston-Cambridge-Newton, MA-NH","25","Massachusetts","025","Suffolk","42.3295","-71.0826"
"06/06/2020","AQS","250250042","1","0.3","ppm","3","DUDLEY SQUARE ROXBURY","24","100.0000","42101","Carbon monoxide","14460","Boston-Cambridge-Newton, MA-NH","25","Massachusetts","025","Suffolk","42.3295","-71.0826"
"06/07/2020","AQS","250250042","1","0.2","ppm","2","DUDLEY SQUARE ROXBURY","24","100.0000","42101","Carbon monoxide","14460","Boston-Cambridge-Newton, MA-NH","25","Massachusetts","025","Suffolk","42.3295","-71.0826"
"06/08/2020","AQS","250250042","1","0.2","ppm","2","DUDLEY SQUARE ROXBURY","24","100.0000","42101","Carbon monoxide","14460","Boston-Cambridge-Newton, MA-NH","25","Massachusetts","025","Suffolk","42.3295","-71.0826"
"06/09/2020","AQS","250250042","1","0.3","ppm","3","DUDLEY SQUARE ROXBURY","24","100.0000","42101","Carbon monoxide","14460","Boston-Cambridge-Newton, MA-NH","25","Massachusetts","025","Suffolk","42.3295","-71.0826"
"06/10/2020","AQS","250250042","1","0.2","ppm","2","DUDLEY SQUARE ROXBURY","24","100.0000","42101","Carbon monoxide","14460","Boston-Cambridge-Newton, MA-NH","25","Massachusetts","025","Suffolk","42.3295","-71.0826"
"06/11/2020","AQS","250250042","1","0.2","ppm","2","DUDLEY SQUARE ROXBURY","24","100.0000","42101","Carbon monoxide","14460","Boston-Cambridge-Newton, MA-NH","25","Massachusetts","025","Suffolk","42.3295","-71.0826"
"06/12/2020","AQS","250250042","1","0.3","ppm","3","DUDLEY SQUARE ROXBURY","18","75.0000","42101","Carbon monoxide","14460","Boston-Cambridge-Newton, MA-NH","25","Massachusetts","025","Suffolk","42.3295","-71.0826"
"06/13/2020","AQS","250250042","1","0.1","ppm","1","DUDLEY SQUARE ROXBURY","24","100.0000","42101","Carbon monoxide","14460","Boston-Cambridge-Newton, MA-NH","25","Massachusetts","025","Suffolk","42.3295","-71.0826"
"06/14/2020","AQS","250250042","1","0.1","ppm","1","DUDLEY SQUARE ROXBURY","24","100.0000","42101","Carbon monoxide","14460","Boston-Cambridge-Newton, MA-NH","25","Massachusetts","025","Suffolk","42.3295","-71.0826"
"06/15/2020","AQS","250250042","1","0.2","ppm","2","DUDLEY SQUARE ROXBURY","24","100.0000","42101","Carbon monoxide","14460","Boston-Cambridge-Newton, MA-NH","25","Massachusetts","025","Suffolk","42.3295","-71.0826"
"06/16/2020","AQS","250250042","1","0.3","ppm","3","DUDLEY SQUARE ROXBURY","24","100.0000","42101","Carbon monoxide","14460","Boston-Cambridge-Newton, MA-NH","25","Massachusetts","025","Suffolk","42.3295","-71.0826"
"06/17/2020","AQS","250250042","1","0.4","ppm","5","DUDLEY SQUARE ROXBURY","24","100.0000","42101","Carbon monoxide","14460","Boston-Cambridge-Newton, MA-NH","25","Massachusetts","025","Suffolk","42.3295","-71.0826"
"06/18/2020","AQS","250250042","1","0.2","ppm","2","DUDLEY SQUARE ROXBURY","24","100.0000","42101","Carbon monoxide","14460","Boston-Cambridge-Newton, MA-NH","25","Massachusetts","025","Suffolk","42.3295","-71.0826"
"06/19/2020","AQS","250250042","1","0.2","ppm","2","DUDLEY SQUARE ROXBURY","24","100.0000","42101","Carbon monoxide","14460","Boston-Cambridge-Newton, MA-NH","25","Massachusetts","025","Suffolk","42.3295","-71.0826"
"06/20/2020","AQS","250250042","1","0.2","ppm","2","DUDLEY SQUARE ROXBURY","24","100.0000","42101","Carbon monoxide","14460","Boston-Cambridge-Newton, MA-NH","25","Massachusetts","025","Suffolk","42.3295","-71.0826"
"06/21/2020","AQS","250250042","1","0.3","ppm","3","DUDLEY SQUARE ROXBURY","24","100.0000","42101","Carbon monoxide","14460","Boston-Cambridge-Newton, MA-NH","25","Massachusetts","025","Suffolk","42.3295","-71.0826"
"06/22/2020","AQS","250250042","1","0.2","ppm","2","DUDLEY SQUARE ROXBURY","24","100.0000","42101","Carbon monoxide","14460","Boston-Cambridge-Newton, MA-NH","25","Massachusetts","025","Suffolk","42.3295","-71.0826"
"06/23/2020","AQS","250250042","1","0.2","ppm","2","DUDLEY SQUARE ROXBURY","24","100.0000","42101","Carbon monoxide","14460","Boston-Cambridge-Newton, MA-NH","25","Massachusetts","025","Suffolk","42.3295","-71.0826"
"06/24/2020","AQS","250250042","1","0.2","ppm","2","DUDLEY SQUARE ROXBURY","24","100.0000","42101","Carbon monoxide","14460","Boston-Cambridge-Newton, MA-NH","25","Massachusetts","025","Suffolk","42.3295","-71.0826"
"06/25/2020","AQS","250250042","1","0.2","ppm","2","DUDLEY SQUARE ROXBURY","24","100.0000","42101","Carbon monoxide","14460","Boston-Cambridge-Newton, MA-NH","25","Massachusetts","025","Suffolk","42.3295","-71.0826"
"06/26/2020","AQS","250250042","1","0.2","ppm","2","DUDLEY SQUARE ROXBURY","24","100.0000","42101","Carbon monoxide","14460","Boston-Cambridge-Newton, MA-NH","25","Massachusetts","025","Suffolk","42.3295","-71.0826"
"06/27/2020","AQS","250250042","1","0.2","ppm","2","DUDLEY SQUARE ROXBURY","24","100.0000","42101","Carbon monoxide","14460","Boston-Cambridge-Newton, MA-NH","25","Massachusetts","025","Suffolk","42.3295","-71.0826"
"06/28/2020","AQS","250250042","1","0.2","ppm","2","DUDLEY SQUARE ROXBURY","24","100.0000","42101","Carbon monoxide","14460","Boston-Cambridge-Newton, MA-NH","25","Massachusetts","025","Suffolk","42.3295","-71.0826"
"06/29/2020","AQS","250250042","1","0.3","ppm","3","DUDLEY SQUARE ROXBURY","24","100.0000","42101","Carbon monoxide","14460","Boston-Cambridge-Newton, MA-NH","25","Massachusetts","025","Suffolk","42.3295","-71.0826"
"06/30/2020","AQS","250250042","1","0.3","ppm","3","DUDLEY SQUARE ROXBURY","24","100.0000","42101","Carbon monoxide","14460","Boston-Cambridge-Newton, MA-NH","25","Massachusetts","025","Suffolk","42.3295","-71.0826"
"07/01/2020","AQS","250250042","1","0.2","ppm","2","DUDLEY SQUARE ROXBURY","2","8.0000","42101","Carbon monoxide","14460","Boston-Cambridge-Newton, MA-NH","25","Massachusetts","025","Suffolk","42.3295","-71.0826"
"01/08/2020","AQS","250250044","1","0.4","ppm","5","VON HILLERN ST","13","54.0000","42101","Carbon monoxide","14460","Boston-Cambridge-Newton, MA-NH","25","Massachusetts","025","Suffolk","42.325186","-71.056061"
"01/09/2020","AQS","250250044","1","0.4","ppm","5","VON HILLERN ST","24","100.0000","42101","Carbon monoxide","14460","Boston-Cambridge-Newton, MA-NH","25","Massachusetts","025","Suffolk","42.325186","-71.056061"
"01/10/2020","AQS","250250044","1","0.4","ppm","5","VON HILLERN ST","24","100.0000","42101","Carbon monoxide","14460","Boston-Cambridge-Newton, MA-NH","25","Massachusetts","025","Suffolk","42.325186","-71.056061"
"01/11/2020","AQS","250250044","1","0.2","ppm","2","VON HILLERN ST","7","29.0000","42101","Carbon monoxide","14460","Boston-Cambridge-Newton, MA-NH","25","Massachusetts","025","Suffolk","42.325186","-71.056061"
"01/26/2020","AQS","250250044","1","0.3","ppm","3","VON HILLERN ST","13","54.0000","42101","Carbon monoxide","14460","Boston-Cambridge-Newton, MA-NH","25","Massachusetts","025","Suffolk","42.325186","-71.056061"
"01/27/2020","AQS","250250044","1","0.3","ppm","3","VON HILLERN ST","24","100.0000","42101","Carbon monoxide","14460","Boston-Cambridge-Newton, MA-NH","25","Massachusetts","025","Suffolk","42.325186","-71.056061"
"01/28/2020","AQS","250250044","1","0.3","ppm","3","VON HILLERN ST","24","100.0000","42101","Carbon monoxide","14460","Boston-Cambridge-Newton, MA-NH","25","Massachusetts","025","Suffolk","42.325186","-71.056061"
"01/29/2020","AQS","250250044","1","0.1","ppm","1","VON HILLERN ST","7","29.0000","42101","Carbon monoxide","14460","Boston-Cambridge-Newton, MA-NH","25","Massachusetts","025","Suffolk","42.325186","-71.056061"
"02/04/2020","AQS","250250044","1","0.4","ppm","5","VON HILLERN ST","13","54.0000","42101","Carbon monoxide","14460","Boston-Cambridge-Newton, MA-NH","25","Massachusetts","025","Suffolk","42.325186","-71.056061"
"02/05/2020","AQS","250250044","1","0.4","ppm","5","VON HILLERN ST","24","100.0000","42101","Carbon monoxide","14460","Boston-Cambridge-Newton, MA-NH","25","Massachusetts","025","Suffolk","42.325186","-71.056061"
"02/06/2020","AQS","250250044","1","0.2","ppm","2","VON HILLERN ST","24","100.0000","42101","Carbon monoxide","14460","Boston-Cambridge-Newton, MA-NH","25","Massachusetts","025","Suffolk","42.325186","-71.056061"
"02/07/2020","AQS","250250044","1","0.2","ppm","2","VON HILLERN ST","24","100.0000","42101","Carbon monoxide","14460","Boston-Cambridge-Newton, MA-NH","25","Massachusetts","025","Suffolk","42.325186","-71.056061"
"02/08/2020","AQS","250250044","1","0.2","ppm","2","VON HILLERN ST","24","100.0000","42101","Carbon monoxide","14460","Boston-Cambridge-Newton, MA-NH","25","Massachusetts","025","Suffolk","42.325186","-71.056061"
"02/09/2020","AQS","250250044","1","0.2","ppm","2","VON HILLERN ST","24","100.0000","42101","Carbon monoxide","14460","Boston-Cambridge-Newton, MA-NH","25","Massachusetts","025","Suffolk","42.325186","-71.056061"
"02/10/2020","AQS","250250044","1","0.2","ppm","2","VON HILLERN ST","7","29.0000","42101","Carbon monoxide","14460","Boston-Cambridge-Newton, MA-NH","25","Massachusetts","025","Suffolk","42.325186","-71.056061"
"02/13/2020","AQS","250250044","1","0.5","ppm","6","VON HILLERN ST","11","46.0000","42101","Carbon monoxide","14460","Boston-Cambridge-Newton, MA-NH","25","Massachusetts","025","Suffolk","42.325186","-71.056061"
"02/14/2020","AQS","250250044","1","0.4","ppm","5","VON HILLERN ST","24","100.0000","42101","Carbon monoxide","14460","Boston-Cambridge-Newton, MA-NH","25","Massachusetts","025","Suffolk","42.325186","-71.056061"
"02/15/2020","AQS","250250044","1","0.3","ppm","3","VON HILLERN ST","24","100.0000","42101","Carbon monoxide","14460","Boston-Cambridge-Newton, MA-NH","25","Massachusetts","025","Suffolk","42.325186","-71.056061"
"02/16/2020","AQS","250250044","1","0.2","ppm","2","VON HILLERN ST","7","29.0000","42101","Carbon monoxide","14460","Boston-Cambridge-Newton, MA-NH","25","Massachusetts","025","Suffolk","42.325186","-71.056061"
"03/27/2020","AQS","250250044","1","0.1","ppm","1","VON HILLERN ST","7","29.0000","42101","Carbon monoxide","14460","Boston-Cambridge-Newton, MA-NH","25","Massachusetts","025","Suffolk","42.325186","-71.056061"
"03/28/2020","AQS","250250044","1","0.2","ppm","2","VON HILLERN ST","24","100.0000","42101","Carbon monoxide","14460","Boston-Cambridge-Newton, MA-NH","25","Massachusetts","025","Suffolk","42.325186","-71.056061"
"03/29/2020","AQS","250250044","1","0.1","ppm","1","VON HILLERN ST","24","100.0000","42101","Carbon monoxide","14460","Boston-Cambridge-Newton, MA-NH","25","Massachusetts","025","Suffolk","42.325186","-71.056061"
"03/30/2020","AQS","250250044","1","0.1","ppm","1","VON HILLERN ST","24","100.0000","42101","Carbon monoxide","14460","Boston-Cambridge-Newton, MA-NH","25","Massachusetts","025","Suffolk","42.325186","-71.056061"
"03/31/2020","AQS","250250044","1","0.1","ppm","1","VON HILLERN ST","24","100.0000","42101","Carbon monoxide","14460","Boston-Cambridge-Newton, MA-NH","25","Massachusetts","025","Suffolk","42.325186","-71.056061"
"04/01/2020","AQS","250250044","1","0.1","ppm","1","VON HILLERN ST","7","29.0000","42101","Carbon monoxide","14460","Boston-Cambridge-Newton, MA-NH","25","Massachusetts","025","Suffolk","42.325186","-71.056061"
"04/13/2020","AQS","250250044","1","0","ppm","0","VON HILLERN ST","12","50.0000","42101","Carbon monoxide","14460","Boston-Cambridge-Newton, MA-NH","25","Massachusetts","025","Suffolk","42.325186","-71.056061"
"04/14/2020","AQS","250250044","1","0.1","ppm","1","VON HILLERN ST","24","100.0000","42101","Carbon monoxide","14460","Boston-Cambridge-Newton, MA-NH","25","Massachusetts","025","Suffolk","42.325186","-71.056061"
"04/15/2020","AQS","250250044","1","0.1","ppm","1","VON HILLERN ST","24","100.0000","42101","Carbon monoxide","14460","Boston-Cambridge-Newton, MA-NH","25","Massachusetts","025","Suffolk","42.325186","-71.056061"
"04/16/2020","AQS","250250044","1","0.1","ppm","1","VON HILLERN ST","15","63.0000","42101","Carbon monoxide","14460","Boston-Cambridge-Newton, MA-NH","25","Massachusetts","025","Suffolk","42.325186","-71.056061"
"04/17/2020","AQS","250250044","1","0.1","ppm","1","VON HILLERN ST","24","100.0000","42101","Carbon monoxide","14460","Boston-Cambridge-Newton, MA-NH","25","Massachusetts","025","Suffolk","42.325186","-71.056061"
"04/18/2020","AQS","250250044","1","0.1","ppm","1","VON HILLERN ST","24","100.0000","42101","Carbon monoxide","14460","Boston-Cambridge-Newton, MA-NH","25","Massachusetts","025","Suffolk","42.325186","-71.056061"
"04/19/2020","AQS","250250044","1","0.1","ppm","1","VON HILLERN ST","24","100.0000","42101","Carbon monoxide","14460","Boston-Cambridge-Newton, MA-NH","25","Massachusetts","025","Suffolk","42.325186","-71.056061"
"04/20/2020","AQS","250250044","1","0.1","ppm","1","VON HILLERN ST","24","100.0000","42101","Carbon monoxide","14460","Boston-Cambridge-Newton, MA-NH","25","Massachusetts","025","Suffolk","42.325186","-71.056061"
"04/21/2020","AQS","250250044","1","0.2","ppm","2","VON HILLERN ST","24","100.0000","42101","Carbon monoxide","14460","Boston-Cambridge-Newton, MA-NH","25","Massachusetts","025","Suffolk","42.325186","-71.056061"
"04/22/2020","AQS","250250044","1","0","ppm","0","VON HILLERN ST","7","29.0000","42101","Carbon monoxide","14460","Boston-Cambridge-Newton, MA-NH","25","Massachusetts","025","Suffolk","42.325186","-71.056061"
"04/25/2020","AQS","250250044","1","0.1","ppm","1","VON HILLERN ST","12","50.0000","42101","Carbon monoxide","14460","Boston-Cambridge-Newton, MA-NH","25","Massachusetts","025","Suffolk","42.325186","-71.056061"
"04/26/2020","AQS","250250044","1","0.1","ppm","1","VON HILLERN ST","24","100.0000","42101","Carbon monoxide","14460","Boston-Cambridge-Newton, MA-NH","25","Massachusetts","025","Suffolk","42.325186","-71.056061"
"04/27/2020","AQS","250250044","1","0","ppm","0","VON HILLERN ST","24","100.0000","42101","Carbon monoxide","14460","Boston-Cambridge-Newton, MA-NH","25","Massachusetts","025","Suffolk","42.325186","-71.056061"
"04/28/2020","AQS","250250044","1","0.1","ppm","1","VON HILLERN ST","24","100.0000","42101","Carbon monoxide","14460","Boston-Cambridge-Newton, MA-NH","25","Massachusetts","025","Suffolk","42.325186","-71.056061"
"04/29/2020","AQS","250250044","1","0.2","ppm","2","VON HILLERN ST","24","100.0000","42101","Carbon monoxide","14460","Boston-Cambridge-Newton, MA-NH","25","Massachusetts","025","Suffolk","42.325186","-71.056061"
"04/30/2020","AQS","250250044","1","0","ppm","0","VON HILLERN ST","24","100.0000","42101","Carbon monoxide","14460","Boston-Cambridge-Newton, MA-NH","25","Massachusetts","025","Suffolk","42.325186","-71.056061"
"05/01/2020","AQS","250250044","1","0","ppm","0","VON HILLERN ST","7","29.0000","42101","Carbon monoxide","14460","Boston-Cambridge-Newton, MA-NH","25","Massachusetts","025","Suffolk","42.325186","-71.056061"
"06/18/2020","AQS","250250044","1","0","ppm","0","VON HILLERN ST","12","50.0000","42101","Carbon monoxide","14460","Boston-Cambridge-Newton, MA-NH","25","Massachusetts","025","Suffolk","42.325186","-71.056061"
"06/19/2020","AQS","250250044","1","0.1","ppm","1","VON HILLERN ST","24","100.0000","42101","Carbon monoxide","14460","Boston-Cambridge-Newton, MA-NH","25","Massachusetts","025","Suffolk","42.325186","-71.056061"
"06/20/2020","AQS","250250044","1","0.1","ppm","1","VON HILLERN ST","24","100.0000","42101","Carbon monoxide","14460","Boston-Cambridge-Newton, MA-NH","25","Massachusetts","025","Suffolk","42.325186","-71.056061"
"06/21/2020","AQS","250250044","1","0.1","ppm","1","VON HILLERN ST","24","100.0000","42101","Carbon monoxide","14460","Boston-Cambridge-Newton, MA-NH","25","Massachusetts","025","Suffolk","42.325186","-71.056061"
"06/22/2020","AQS","250250044","1","0.1","ppm","1","VON HILLERN ST","24","100.0000","42101","Carbon monoxide","14460","Boston-Cambridge-Newton, MA-NH","25","Massachusetts","025","Suffolk","42.325186","-71.056061"
"06/23/2020","AQS","250250044","1","0","ppm","0","VON HILLERN ST","24","100.0000","42101","Carbon monoxide","14460","Boston-Cambridge-Newton, MA-NH","25","Massachusetts","025","Suffolk","42.325186","-71.056061"
"06/24/2020","AQS","250250044","1","0.2","ppm","2","VON HILLERN ST","24","100.0000","42101","Carbon monoxide","14460","Boston-Cambridge-Newton, MA-NH","25","Massachusetts","025","Suffolk","42.325186","-71.056061"
"06/25/2020","AQS","250250044","1","0.2","ppm","2","VON HILLERN ST","24","100.0000","42101","Carbon monoxide","14460","Boston-Cambridge-Newton, MA-NH","25","Massachusetts","025","Suffolk","42.325186","-71.056061"
"06/26/2020","AQS","250250044","1","0.1","ppm","1","VON HILLERN ST","24","100.0000","42101","Carbon monoxide","14460","Boston-Cambridge-Newton, MA-NH","25","Massachusetts","025","Suffolk","42.325186","-71.056061"
"06/27/2020","AQS","250250044","1","0.1","ppm","1","VON HILLERN ST","24","100.0000","42101","Carbon monoxide","14460","Boston-Cambridge-Newton, MA-NH","25","Massachusetts","025","Suffolk","42.325186","-71.056061"
"06/28/2020","AQS","250250044","1","0","ppm","0","VON HILLERN ST","24","100.0000","42101","Carbon monoxide","14460","Boston-Cambridge-Newton, MA-NH","25","Massachusetts","025","Suffolk","42.325186","-71.056061"
"06/29/2020","AQS","250250044","1","0","ppm","0","VON HILLERN ST","24","100.0000","42101","Carbon monoxide","14460","Boston-Cambridge-Newton, MA-NH","25","Massachusetts","025","Suffolk","42.325186","-71.056061"
"06/30/2020","AQS","250250044","1","-0.1","ppm","0","VON HILLERN ST","7","29.0000","42101","Carbon monoxide","14460","Boston-Cambridge-Newton, MA-NH","25","Massachusetts","025","Suffolk","42.325186","-71.056061"
"01/01/2020","AQS","330150018","1","0.1","ppm","1","MOOSEHILL SCHOOL","19","79.0000","42101","Carbon monoxide","14460","Boston-Cambridge-Newton, MA-NH","33","New Hampshire","015","Rockingham","42.8625310009407","-71.38014"
"01/02/2020","AQS","330150018","1","0.2","ppm","2","MOOSEHILL SCHOOL","24","100.0000","42101","Carbon monoxide","14460","Boston-Cambridge-Newton, MA-NH","33","New Hampshire","015","Rockingham","42.8625310009407","-71.38014"
"01/03/2020","AQS","330150018","1","0.3","ppm","3","MOOSEHILL SCHOOL","24","100.0000","42101","Carbon monoxide","14460","Boston-Cambridge-Newton, MA-NH","33","New Hampshire","015","Rockingham","42.8625310009407","-71.38014"
"01/04/2020","AQS","330150018","1","0.3","ppm","3","MOOSEHILL SCHOOL","24","100.0000","42101","Carbon monoxide","14460","Boston-Cambridge-Newton, MA-NH","33","New Hampshire","015","Rockingham","42.8625310009407","-71.38014"
"01/05/2020","AQS","330150018","1","0.2","ppm","2","MOOSEHILL SCHOOL","24","100.0000","42101","Carbon monoxide","14460","Boston-Cambridge-Newton, MA-NH","33","New Hampshire","015","Rockingham","42.8625310009407","-71.38014"
"01/06/2020","AQS","330150018","1","0.2","ppm","2","MOOSEHILL SCHOOL","24","100.0000","42101","Carbon monoxide","14460","Boston-Cambridge-Newton, MA-NH","33","New Hampshire","015","Rockingham","42.8625310009407","-71.38014"
"01/07/2020","AQS","330150018","1","0.2","ppm","2","MOOSEHILL SCHOOL","24","100.0000","42101","Carbon monoxide","14460","Boston-Cambridge-Newton, MA-NH","33","New Hampshire","015","Rockingham","42.8625310009407","-71.38014"
"01/08/2020","AQS","330150018","1","0.2","ppm","2","MOOSEHILL SCHOOL","24","100.0000","42101","Carbon monoxide","14460","Boston-Cambridge-Newton, MA-NH","33","New Hampshire","015","Rockingham","42.8625310009407","-71.38014"
"01/09/2020","AQS","330150018","1","0.2","ppm","2","MOOSEHILL SCHOOL","24","100.0000","42101","Carbon monoxide","14460","Boston-Cambridge-Newton, MA-NH","33","New Hampshire","015","Rockingham","42.8625310009407","-71.38014"
"01/10/2020","AQS","330150018","1","0.2","ppm","2","MOOSEHILL SCHOOL","24","100.0000","42101","Carbon monoxide","14460","Boston-Cambridge-Newton, MA-NH","33","New Hampshire","015","Rockingham","42.8625310009407","-71.38014"
"01/11/2020","AQS","330150018","1","0.2","ppm","2","MOOSEHILL SCHOOL","24","100.0000","42101","Carbon monoxide","14460","Boston-Cambridge-Newton, MA-NH","33","New Hampshire","015","Rockingham","42.8625310009407","-71.38014"
"01/12/2020","AQS","330150018","1","0.1","ppm","1","MOOSEHILL SCHOOL","24","100.0000","42101","Carbon monoxide","14460","Boston-Cambridge-Newton, MA-NH","33","New Hampshire","015","Rockingham","42.8625310009407","-71.38014"
"01/13/2020","AQS","330150018","1","0.2","ppm","2","MOOSEHILL SCHOOL","24","100.0000","42101","Carbon monoxide","14460","Boston-Cambridge-Newton, MA-NH","33","New Hampshire","015","Rockingham","42.8625310009407","-71.38014"
"01/14/2020","AQS","330150018","1","0.2","ppm","2","MOOSEHILL SCHOOL","24","100.0000","42101","Carbon monoxide","14460","Boston-Cambridge-Newton, MA-NH","33","New Hampshire","015","Rockingham","42.8625310009407","-71.38014"
"01/15/2020","AQS","330150018","1","0.2","ppm","2","MOOSEHILL SCHOOL","24","100.0000","42101","Carbon monoxide","14460","Boston-Cambridge-Newton, MA-NH","33","New Hampshire","015","Rockingham","42.8625310009407","-71.38014"
"01/16/2020","AQS","330150018","1","0.2","ppm","2","MOOSEHILL SCHOOL","24","100.0000","42101","Carbon monoxide","14460","Boston-Cambridge-Newton, MA-NH","33","New Hampshire","015","Rockingham","42.8625310009407","-71.38014"
"01/17/2020","AQS","330150018","1","0.1","ppm","1","MOOSEHILL SCHOOL","24","100.0000","42101","Carbon monoxide","14460","Boston-Cambridge-Newton, MA-NH","33","New Hampshire","015","Rockingham","42.8625310009407","-71.38014"
"01/18/2020","AQS","330150018","1","0.2","ppm","2","MOOSEHILL SCHOOL","24","100.0000","42101","Carbon monoxide","14460","Boston-Cambridge-Newton, MA-NH","33","New Hampshire","015","Rockingham","42.8625310009407","-71.38014"
"01/19/2020","AQS","330150018","1","0.3","ppm","3","MOOSEHILL SCHOOL","24","100.0000","42101","Carbon monoxide","14460","Boston-Cambridge-Newton, MA-NH","33","New Hampshire","015","Rockingham","42.8625310009407","-71.38014"
"01/20/2020","AQS","330150018","1","0.2","ppm","2","MOOSEHILL SCHOOL","24","100.0000","42101","Carbon monoxide","14460","Boston-Cambridge-Newton, MA-NH","33","New Hampshire","015","Rockingham","42.8625310009407","-71.38014"
"01/21/2020","AQS","330150018","1","0.2","ppm","2","MOOSEHILL SCHOOL","24","100.0000","42101","Carbon monoxide","14460","Boston-Cambridge-Newton, MA-NH","33","New Hampshire","015","Rockingham","42.8625310009407","-71.38014"
"01/22/2020","AQS","330150018","1","0.3","ppm","3","MOOSEHILL SCHOOL","24","100.0000","42101","Carbon monoxide","14460","Boston-Cambridge-Newton, MA-NH","33","New Hampshire","015","Rockingham","42.8625310009407","-71.38014"
"01/23/2020","AQS","330150018","1","0.4","ppm","5","MOOSEHILL SCHOOL","24","100.0000","42101","Carbon monoxide","14460","Boston-Cambridge-Newton, MA-NH","33","New Hampshire","015","Rockingham","42.8625310009407","-71.38014"
"01/24/2020","AQS","330150018","1","0.4","ppm","5","MOOSEHILL SCHOOL","12","50.0000","42101","Carbon monoxide","14460","Boston-Cambridge-Newton, MA-NH","33","New Hampshire","015","Rockingham","42.8625310009407","-71.38014"
"01/28/2020","AQS","330150018","1","0.1","ppm","1","MOOSEHILL SCHOOL","8","33.0000","42101","Carbon monoxide","14460","Boston-Cambridge-Newton, MA-NH","33","New Hampshire","015","Rockingham","42.8625310009407","-71.38014"
"01/29/2020","AQS","330150018","1","0.1","ppm","1","MOOSEHILL SCHOOL","24","100.0000","42101","Carbon monoxide","14460","Boston-Cambridge-Newton, MA-NH","33","New Hampshire","015","Rockingham","42.8625310009407","-71.38014"
"01/30/2020","AQS","330150018","1","0.2","ppm","2","MOOSEHILL SCHOOL","24","100.0000","42101","Carbon monoxide","14460","Boston-Cambridge-Newton, MA-NH","33","New Hampshire","015","Rockingham","42.8625310009407","-71.38014"
"01/31/2020","AQS","330150018","1","0.3","ppm","3","MOOSEHILL SCHOOL","24","100.0000","42101","Carbon monoxide","14460","Boston-Cambridge-Newton, MA-NH","33","New Hampshire","015","Rockingham","42.8625310009407","-71.38014"
"02/01/2020","AQS","330150018","1","0.3","ppm","3","MOOSEHILL SCHOOL","24","100.0000","42101","Carbon monoxide","14460","Boston-Cambridge-Newton, MA-NH","33","New Hampshire","015","Rockingham","42.8625310009407","-71.38014"
"02/02/2020","AQS","330150018","1","0.4","ppm","5","MOOSEHILL SCHOOL","24","100.0000","42101","Carbon monoxide","14460","Boston-Cambridge-Newton, MA-NH","33","New Hampshire","015","Rockingham","42.8625310009407","-71.38014"
"02/03/2020","AQS","330150018","1","0.3","ppm","3","MOOSEHILL SCHOOL","24","100.0000","42101","Carbon monoxide","14460","Boston-Cambridge-Newton, MA-NH","33","New Hampshire","015","Rockingham","42.8625310009407","-71.38014"
"02/04/2020","AQS","330150018","1","0.3","ppm","3","MOOSEHILL SCHOOL","24","100.0000","42101","Carbon monoxide","14460","Boston-Cambridge-Newton, MA-NH","33","New Hampshire","015","Rockingham","42.8625310009407","-71.38014"
"02/05/2020","AQS","330150018","1","0.3","ppm","3","MOOSEHILL SCHOOL","24","100.0000","42101","Carbon monoxide","14460","Boston-Cambridge-Newton, MA-NH","33","New Hampshire","015","Rockingham","42.8625310009407","-71.38014"
"02/06/2020","AQS","330150018","1","0.2","ppm","2","MOOSEHILL SCHOOL","24","100.0000","42101","Carbon monoxide","14460","Boston-Cambridge-Newton, MA-NH","33","New Hampshire","015","Rockingham","42.8625310009407","-71.38014"
"02/07/2020","AQS","330150018","1","0.2","ppm","2","MOOSEHILL SCHOOL","18","75.0000","42101","Carbon monoxide","14460","Boston-Cambridge-Newton, MA-NH","33","New Hampshire","015","Rockingham","42.8625310009407","-71.38014"
"02/10/2020","AQS","330150018","1","0.2","ppm","2","MOOSEHILL SCHOOL","7","29.0000","42101","Carbon monoxide","14460","Boston-Cambridge-Newton, MA-NH","33","New Hampshire","015","Rockingham","42.8625310009407","-71.38014"
"02/11/2020","AQS","330150018","1","0.3","ppm","3","MOOSEHILL SCHOOL","24","100.0000","42101","Carbon monoxide","14460","Boston-Cambridge-Newton, MA-NH","33","New Hampshire","015","Rockingham","42.8625310009407","-71.38014"
"02/12/2020","AQS","330150018","1","0.3","ppm","3","MOOSEHILL SCHOOL","24","100.0000","42101","Carbon monoxide","14460","Boston-Cambridge-Newton, MA-NH","33","New Hampshire","015","Rockingham","42.8625310009407","-71.38014"
"02/13/2020","AQS","330150018","1","0.3","ppm","3","MOOSEHILL SCHOOL","24","100.0000","42101","Carbon monoxide","14460","Boston-Cambridge-Newton, MA-NH","33","New Hampshire","015","Rockingham","42.8625310009407","-71.38014"
"02/14/2020","AQS","330150018","1","0.3","ppm","3","MOOSEHILL SCHOOL","24","100.0000","42101","Carbon monoxide","14460","Boston-Cambridge-Newton, MA-NH","33","New Hampshire","015","Rockingham","42.8625310009407","-71.38014"
"02/15/2020","AQS","330150018","1","0.2","ppm","2","MOOSEHILL SCHOOL","24","100.0000","42101","Carbon monoxide","14460","Boston-Cambridge-Newton, MA-NH","33","New Hampshire","015","Rockingham","42.8625310009407","-71.38014"
"02/16/2020","AQS","330150018","1","0.2","ppm","2","MOOSEHILL SCHOOL","24","100.0000","42101","Carbon monoxide","14460","Boston-Cambridge-Newton, MA-NH","33","New Hampshire","015","Rockingham","42.8625310009407","-71.38014"
"02/17/2020","AQS","330150018","1","0.2","ppm","2","MOOSEHILL SCHOOL","24","100.0000","42101","Carbon monoxide","14460","Boston-Cambridge-Newton, MA-NH","33","New Hampshire","015","Rockingham","42.8625310009407","-71.38014"
"02/18/2020","AQS","330150018","1","0.2","ppm","2","MOOSEHILL SCHOOL","24","100.0000","42101","Carbon monoxide","14460","Boston-Cambridge-Newton, MA-NH","33","New Hampshire","015","Rockingham","42.8625310009407","-71.38014"
"02/19/2020","AQS","330150018","1","0.2","ppm","2","MOOSEHILL SCHOOL","24","100.0000","42101","Carbon monoxide","14460","Boston-Cambridge-Newton, MA-NH","33","New Hampshire","015","Rockingham","42.8625310009407","-71.38014"
"02/20/2020","AQS","330150018","1","0.2","ppm","2","MOOSEHILL SCHOOL","24","100.0000","42101","Carbon monoxide","14460","Boston-Cambridge-Newton, MA-NH","33","New Hampshire","015","Rockingham","42.8625310009407","-71.38014"
"02/21/2020","AQS","330150018","1","0.2","ppm","2","MOOSEHILL SCHOOL","24","100.0000","42101","Carbon monoxide","14460","Boston-Cambridge-Newton, MA-NH","33","New Hampshire","015","Rockingham","42.8625310009407","-71.38014"
"02/22/2020","AQS","330150018","1","0.2","ppm","2","MOOSEHILL SCHOOL","24","100.0000","42101","Carbon monoxide","14460","Boston-Cambridge-Newton, MA-NH","33","New Hampshire","015","Rockingham","42.8625310009407","-71.38014"
"02/23/2020","AQS","330150018","1","0.2","ppm","2","MOOSEHILL SCHOOL","24","100.0000","42101","Carbon monoxide","14460","Boston-Cambridge-Newton, MA-NH","33","New Hampshire","015","Rockingham","42.8625310009407","-71.38014"
"02/24/2020","AQS","330150018","1","0.3","ppm","3","MOOSEHILL SCHOOL","24","100.0000","42101","Carbon monoxide","14460","Boston-Cambridge-Newton, MA-NH","33","New Hampshire","015","Rockingham","42.8625310009407","-71.38014"
"02/25/2020","AQS","330150018","1","0.3","ppm","3","MOOSEHILL SCHOOL","24","100.0000","42101","Carbon monoxide","14460","Boston-Cambridge-Newton, MA-NH","33","New Hampshire","015","Rockingham","42.8625310009407","-71.38014"
"02/26/2020","AQS","330150018","1","0.3","ppm","3","MOOSEHILL SCHOOL","24","100.0000","42101","Carbon monoxide","14460","Boston-Cambridge-Newton, MA-NH","33","New Hampshire","015","Rockingham","42.8625310009407","-71.38014"
"02/27/2020","AQS","330150018","1","0.2","ppm","2","MOOSEHILL SCHOOL","24","100.0000","42101","Carbon monoxide","14460","Boston-Cambridge-Newton, MA-NH","33","New Hampshire","015","Rockingham","42.8625310009407","-71.38014"
"02/28/2020","AQS","330150018","1","0.2","ppm","2","MOOSEHILL SCHOOL","24","100.0000","42101","Carbon monoxide","14460","Boston-Cambridge-Newton, MA-NH","33","New Hampshire","015","Rockingham","42.8625310009407","-71.38014"
"02/29/2020","AQS","330150018","1","0.2","ppm","2","MOOSEHILL SCHOOL","24","100.0000","42101","Carbon monoxide","14460","Boston-Cambridge-Newton, MA-NH","33","New Hampshire","015","Rockingham","42.8625310009407","-71.38014"
"03/01/2020","AQS","330150018","1","0.2","ppm","2","MOOSEHILL SCHOOL","24","100.0000","42101","Carbon monoxide","14460","Boston-Cambridge-Newton, MA-NH","33","New Hampshire","015","Rockingham","42.8625310009407","-71.38014"
"03/02/2020","AQS","330150018","1","0.3","ppm","3","MOOSEHILL SCHOOL","24","100.0000","42101","Carbon monoxide","14460","Boston-Cambridge-Newton, MA-NH","33","New Hampshire","015","Rockingham","42.8625310009407","-71.38014"
"03/03/2020","AQS","330150018","1","0.2","ppm","2","MOOSEHILL SCHOOL","24","100.0000","42101","Carbon monoxide","14460","Boston-Cambridge-Newton, MA-NH","33","New Hampshire","015","Rockingham","42.8625310009407","-71.38014"
"03/04/2020","AQS","330150018","1","0.2","ppm","2","MOOSEHILL SCHOOL","24","100.0000","42101","Carbon monoxide","14460","Boston-Cambridge-Newton, MA-NH","33","New Hampshire","015","Rockingham","42.8625310009407","-71.38014"
"03/05/2020","AQS","330150018","1","0.2","ppm","2","MOOSEHILL SCHOOL","10","42.0000","42101","Carbon monoxide","14460","Boston-Cambridge-Newton, MA-NH","33","New Hampshire","015","Rockingham","42.8625310009407","-71.38014"
"03/06/2020","AQS","330150018","1","0.2","ppm","2","MOOSEHILL SCHOOL","24","100.0000","42101","Carbon monoxide","14460","Boston-Cambridge-Newton, MA-NH","33","New Hampshire","015","Rockingham","42.8625310009407","-71.38014"
"03/07/2020","AQS","330150018","1","0.2","ppm","2","MOOSEHILL SCHOOL","24","100.0000","42101","Carbon monoxide","14460","Boston-Cambridge-Newton, MA-NH","33","New Hampshire","015","Rockingham","42.8625310009407","-71.38014"
"03/08/2020","AQS","330150018","1","0.2","ppm","2","MOOSEHILL SCHOOL","24","100.0000","42101","Carbon monoxide","14460","Boston-Cambridge-Newton, MA-NH","33","New Hampshire","015","Rockingham","42.8625310009407","-71.38014"
"03/09/2020","AQS","330150018","1","0.2","ppm","2","MOOSEHILL SCHOOL","24","100.0000","42101","Carbon monoxide","14460","Boston-Cambridge-Newton, MA-NH","33","New Hampshire","015","Rockingham","42.8625310009407","-71.38014"
"03/10/2020","AQS","330150018","1","0.2","ppm","2","MOOSEHILL SCHOOL","24","100.0000","42101","Carbon monoxide","14460","Boston-Cambridge-Newton, MA-NH","33","New Hampshire","015","Rockingham","42.8625310009407","-71.38014"
"03/11/2020","AQS","330150018","1","0.2","ppm","2","MOOSEHILL SCHOOL","24","100.0000","42101","Carbon monoxide","14460","Boston-Cambridge-Newton, MA-NH","33","New Hampshire","015","Rockingham","42.8625310009407","-71.38014"
"03/12/2020","AQS","330150018","1","0.2","ppm","2","MOOSEHILL SCHOOL","24","100.0000","42101","Carbon monoxide","14460","Boston-Cambridge-Newton, MA-NH","33","New Hampshire","015","Rockingham","42.8625310009407","-71.38014"
"03/13/2020","AQS","330150018","1","0.2","ppm","2","MOOSEHILL SCHOOL","24","100.0000","42101","Carbon monoxide","14460","Boston-Cambridge-Newton, MA-NH","33","New Hampshire","015","Rockingham","42.8625310009407","-71.38014"
"03/14/2020","AQS","330150018","1","0.1","ppm","1","MOOSEHILL SCHOOL","24","100.0000","42101","Carbon monoxide","14460","Boston-Cambridge-Newton, MA-NH","33","New Hampshire","015","Rockingham","42.8625310009407","-71.38014"
"03/15/2020","AQS","330150018","1","0.2","ppm","2","MOOSEHILL SCHOOL","24","100.0000","42101","Carbon monoxide","14460","Boston-Cambridge-Newton, MA-NH","33","New Hampshire","015","Rockingham","42.8625310009407","-71.38014"
"03/16/2020","AQS","330150018","1","0.2","ppm","2","MOOSEHILL SCHOOL","24","100.0000","42101","Carbon monoxide","14460","Boston-Cambridge-Newton, MA-NH","33","New Hampshire","015","Rockingham","42.8625310009407","-71.38014"
"03/17/2020","AQS","330150018","1","0.2","ppm","2","MOOSEHILL SCHOOL","24","100.0000","42101","Carbon monoxide","14460","Boston-Cambridge-Newton, MA-NH","33","New Hampshire","015","Rockingham","42.8625310009407","-71.38014"
"03/18/2020","AQS","330150018","1","0.2","ppm","2","MOOSEHILL SCHOOL","24","100.0000","42101","Carbon monoxide","14460","Boston-Cambridge-Newton, MA-NH","33","New Hampshire","015","Rockingham","42.8625310009407","-71.38014"
"03/19/2020","AQS","330150018","1","0.2","ppm","2","MOOSEHILL SCHOOL","24","100.0000","42101","Carbon monoxide","14460","Boston-Cambridge-Newton, MA-NH","33","New Hampshire","015","Rockingham","42.8625310009407","-71.38014"
"03/20/2020","AQS","330150018","1","0.2","ppm","2","MOOSEHILL SCHOOL","24","100.0000","42101","Carbon monoxide","14460","Boston-Cambridge-Newton, MA-NH","33","New Hampshire","015","Rockingham","42.8625310009407","-71.38014"
"03/21/2020","AQS","330150018","1","0.2","ppm","2","MOOSEHILL SCHOOL","24","100.0000","42101","Carbon monoxide","14460","Boston-Cambridge-Newton, MA-NH","33","New Hampshire","015","Rockingham","42.8625310009407","-71.38014"
"03/22/2020","AQS","330150018","1","0.2","ppm","2","MOOSEHILL SCHOOL","24","100.0000","42101","Carbon monoxide","14460","Boston-Cambridge-Newton, MA-NH","33","New Hampshire","015","Rockingham","42.8625310009407","-71.38014"
"03/23/2020","AQS","330150018","1","0.2","ppm","2","MOOSEHILL SCHOOL","24","100.0000","42101","Carbon monoxide","14460","Boston-Cambridge-Newton, MA-NH","33","New Hampshire","015","Rockingham","42.8625310009407","-71.38014"
"03/24/2020","AQS","330150018","1","0.2","ppm","2","MOOSEHILL SCHOOL","24","100.0000","42101","Carbon monoxide","14460","Boston-Cambridge-Newton, MA-NH","33","New Hampshire","015","Rockingham","42.8625310009407","-71.38014"
"03/25/2020","AQS","330150018","1","0.2","ppm","2","MOOSEHILL SCHOOL","24","100.0000","42101","Carbon monoxide","14460","Boston-Cambridge-Newton, MA-NH","33","New Hampshire","015","Rockingham","42.8625310009407","-71.38014"
"03/26/2020","AQS","330150018","1","0.2","ppm","2","MOOSEHILL SCHOOL","24","100.0000","42101","Carbon monoxide","14460","Boston-Cambridge-Newton, MA-NH","33","New Hampshire","015","Rockingham","42.8625310009407","-71.38014"
"03/27/2020","AQS","330150018","1","0.2","ppm","2","MOOSEHILL SCHOOL","24","100.0000","42101","Carbon monoxide","14460","Boston-Cambridge-Newton, MA-NH","33","New Hampshire","015","Rockingham","42.8625310009407","-71.38014"
"03/28/2020","AQS","330150018","1","0.2","ppm","2","MOOSEHILL SCHOOL","24","100.0000","42101","Carbon monoxide","14460","Boston-Cambridge-Newton, MA-NH","33","New Hampshire","015","Rockingham","42.8625310009407","-71.38014"
"03/29/2020","AQS","330150018","1","0.2","ppm","2","MOOSEHILL SCHOOL","24","100.0000","42101","Carbon monoxide","14460","Boston-Cambridge-Newton, MA-NH","33","New Hampshire","015","Rockingham","42.8625310009407","-71.38014"
"03/30/2020","AQS","330150018","1","0.2","ppm","2","MOOSEHILL SCHOOL","24","100.0000","42101","Carbon monoxide","14460","Boston-Cambridge-Newton, MA-NH","33","New Hampshire","015","Rockingham","42.8625310009407","-71.38014"
"03/31/2020","AQS","330150018","1","0.2","ppm","2","MOOSEHILL SCHOOL","24","100.0000","42101","Carbon monoxide","14460","Boston-Cambridge-Newton, MA-NH","33","New Hampshire","015","Rockingham","42.8625310009407","-71.38014"
"04/01/2020","AQS","330150018","1","0.2","ppm","2","MOOSEHILL SCHOOL","24","100.0000","42101","Carbon monoxide","14460","Boston-Cambridge-Newton, MA-NH","33","New Hampshire","015","Rockingham","42.8625310009407","-71.38014"
"04/02/2020","AQS","330150018","1","0.2","ppm","2","MOOSEHILL SCHOOL","24","100.0000","42101","Carbon monoxide","14460","Boston-Cambridge-Newton, MA-NH","33","New Hampshire","015","Rockingham","42.8625310009407","-71.38014"
"04/03/2020","AQS","330150018","1","0.2","ppm","2","MOOSEHILL SCHOOL","24","100.0000","42101","Carbon monoxide","14460","Boston-Cambridge-Newton, MA-NH","33","New Hampshire","015","Rockingham","42.8625310009407","-71.38014"
"04/04/2020","AQS","330150018","1","0.2","ppm","2","MOOSEHILL SCHOOL","24","100.0000","42101","Carbon monoxide","14460","Boston-Cambridge-Newton, MA-NH","33","New Hampshire","015","Rockingham","42.8625310009407","-71.38014"
"04/05/2020","AQS","330150018","1","0.2","ppm","2","MOOSEHILL SCHOOL","24","100.0000","42101","Carbon monoxide","14460","Boston-Cambridge-Newton, MA-NH","33","New Hampshire","015","Rockingham","42.8625310009407","-71.38014"
"04/06/2020","AQS","330150018","1","0.2","ppm","2","MOOSEHILL SCHOOL","24","100.0000","42101","Carbon monoxide","14460","Boston-Cambridge-Newton, MA-NH","33","New Hampshire","015","Rockingham","42.8625310009407","-71.38014"
"04/07/2020","AQS","330150018","1","0.2","ppm","2","MOOSEHILL SCHOOL","24","100.0000","42101","Carbon monoxide","14460","Boston-Cambridge-Newton, MA-NH","33","New Hampshire","015","Rockingham","42.8625310009407","-71.38014"
"04/08/2020","AQS","330150018","1","0.2","ppm","2","MOOSEHILL SCHOOL","24","100.0000","42101","Carbon monoxide","14460","Boston-Cambridge-Newton, MA-NH","33","New Hampshire","015","Rockingham","42.8625310009407","-71.38014"
"04/09/2020","AQS","330150018","1","0.2","ppm","2","MOOSEHILL SCHOOL","24","100.0000","42101","Carbon monoxide","14460","Boston-Cambridge-Newton, MA-NH","33","New Hampshire","015","Rockingham","42.8625310009407","-71.38014"
"04/10/2020","AQS","330150018","1","0.1","ppm","1","MOOSEHILL SCHOOL","24","100.0000","42101","Carbon monoxide","14460","Boston-Cambridge-Newton, MA-NH","33","New Hampshire","015","Rockingham","42.8625310009407","-71.38014"
"04/11/2020","AQS","330150018","1","0.1","ppm","1","MOOSEHILL SCHOOL","24","100.0000","42101","Carbon monoxide","14460","Boston-Cambridge-Newton, MA-NH","33","New Hampshire","015","Rockingham","42.8625310009407","-71.38014"
"04/12/2020","AQS","330150018","1","0.2","ppm","2","MOOSEHILL SCHOOL","24","100.0000","42101","Carbon monoxide","14460","Boston-Cambridge-Newton, MA-NH","33","New Hampshire","015","Rockingham","42.8625310009407","-71.38014"
"04/13/2020","AQS","330150018","1","0.2","ppm","2","MOOSEHILL SCHOOL","24","100.0000","42101","Carbon monoxide","14460","Boston-Cambridge-Newton, MA-NH","33","New Hampshire","015","Rockingham","42.8625310009407","-71.38014"
"04/14/2020","AQS","330150018","1","0.2","ppm","2","MOOSEHILL SCHOOL","24","100.0000","42101","Carbon monoxide","14460","Boston-Cambridge-Newton, MA-NH","33","New Hampshire","015","Rockingham","42.8625310009407","-71.38014"
"04/15/2020","AQS","330150018","1","0.1","ppm","1","MOOSEHILL SCHOOL","24","100.0000","42101","Carbon monoxide","14460","Boston-Cambridge-Newton, MA-NH","33","New Hampshire","015","Rockingham","42.8625310009407","-71.38014"
"04/16/2020","AQS","330150018","1","0.2","ppm","2","MOOSEHILL SCHOOL","24","100.0000","42101","Carbon monoxide","14460","Boston-Cambridge-Newton, MA-NH","33","New Hampshire","015","Rockingham","42.8625310009407","-71.38014"
"04/17/2020","AQS","330150018","1","0.2","ppm","2","MOOSEHILL SCHOOL","24","100.0000","42101","Carbon monoxide","14460","Boston-Cambridge-Newton, MA-NH","33","New Hampshire","015","Rockingham","42.8625310009407","-71.38014"
"04/18/2020","AQS","330150018","1","0.2","ppm","2","MOOSEHILL SCHOOL","24","100.0000","42101","Carbon monoxide","14460","Boston-Cambridge-Newton, MA-NH","33","New Hampshire","015","Rockingham","42.8625310009407","-71.38014"
"04/19/2020","AQS","330150018","1","0.2","ppm","2","MOOSEHILL SCHOOL","24","100.0000","42101","Carbon monoxide","14460","Boston-Cambridge-Newton, MA-NH","33","New Hampshire","015","Rockingham","42.8625310009407","-71.38014"
"04/20/2020","AQS","330150018","1","0.2","ppm","2","MOOSEHILL SCHOOL","24","100.0000","42101","Carbon monoxide","14460","Boston-Cambridge-Newton, MA-NH","33","New Hampshire","015","Rockingham","42.8625310009407","-71.38014"
"04/21/2020","AQS","330150018","1","0.2","ppm","2","MOOSEHILL SCHOOL","24","100.0000","42101","Carbon monoxide","14460","Boston-Cambridge-Newton, MA-NH","33","New Hampshire","015","Rockingham","42.8625310009407","-71.38014"
"04/22/2020","AQS","330150018","1","0.1","ppm","1","MOOSEHILL SCHOOL","24","100.0000","42101","Carbon monoxide","14460","Boston-Cambridge-Newton, MA-NH","33","New Hampshire","015","Rockingham","42.8625310009407","-71.38014"
"04/23/2020","AQS","330150018","1","0.1","ppm","1","MOOSEHILL SCHOOL","24","100.0000","42101","Carbon monoxide","14460","Boston-Cambridge-Newton, MA-NH","33","New Hampshire","015","Rockingham","42.8625310009407","-71.38014"
"04/24/2020","AQS","330150018","1","0.2","ppm","2","MOOSEHILL SCHOOL","24","100.0000","42101","Carbon monoxide","14460","Boston-Cambridge-Newton, MA-NH","33","New Hampshire","015","Rockingham","42.8625310009407","-71.38014"
"04/25/2020","AQS","330150018","1","0.2","ppm","2","MOOSEHILL SCHOOL","24","100.0000","42101","Carbon monoxide","14460","Boston-Cambridge-Newton, MA-NH","33","New Hampshire","015","Rockingham","42.8625310009407","-71.38014"
"04/26/2020","AQS","330150018","1","0.2","ppm","2","MOOSEHILL SCHOOL","24","100.0000","42101","Carbon monoxide","14460","Boston-Cambridge-Newton, MA-NH","33","New Hampshire","015","Rockingham","42.8625310009407","-71.38014"
"04/27/2020","AQS","330150018","1","0.1","ppm","1","MOOSEHILL SCHOOL","24","100.0000","42101","Carbon monoxide","14460","Boston-Cambridge-Newton, MA-NH","33","New Hampshire","015","Rockingham","42.8625310009407","-71.38014"
"04/28/2020","AQS","330150018","1","0.2","ppm","2","MOOSEHILL SCHOOL","24","100.0000","42101","Carbon monoxide","14460","Boston-Cambridge-Newton, MA-NH","33","New Hampshire","015","Rockingham","42.8625310009407","-71.38014"
"04/29/2020","AQS","330150018","1","0.2","ppm","2","MOOSEHILL SCHOOL","24","100.0000","42101","Carbon monoxide","14460","Boston-Cambridge-Newton, MA-NH","33","New Hampshire","015","Rockingham","42.8625310009407","-71.38014"
"04/30/2020","AQS","330150018","1","0.2","ppm","2","MOOSEHILL SCHOOL","24","100.0000","42101","Carbon monoxide","14460","Boston-Cambridge-Newton, MA-NH","33","New Hampshire","015","Rockingham","42.8625310009407","-71.38014"
"05/01/2020","AQS","330150018","1","0.2","ppm","2","MOOSEHILL SCHOOL","24","100.0000","42101","Carbon monoxide","14460","Boston-Cambridge-Newton, MA-NH","33","New Hampshire","015","Rockingham","42.8625310009407","-71.38014"
"05/02/2020","AQS","330150018","1","0.2","ppm","2","MOOSEHILL SCHOOL","24","100.0000","42101","Carbon monoxide","14460","Boston-Cambridge-Newton, MA-NH","33","New Hampshire","015","Rockingham","42.8625310009407","-71.38014"
"05/03/2020","AQS","330150018","1","0.2","ppm","2","MOOSEHILL SCHOOL","24","100.0000","42101","Carbon monoxide","14460","Boston-Cambridge-Newton, MA-NH","33","New Hampshire","015","Rockingham","42.8625310009407","-71.38014"
"05/04/2020","AQS","330150018","1","0.2","ppm","2","MOOSEHILL SCHOOL","24","100.0000","42101","Carbon monoxide","14460","Boston-Cambridge-Newton, MA-NH","33","New Hampshire","015","Rockingham","42.8625310009407","-71.38014"
"05/05/2020","AQS","330150018","1","0.1","ppm","1","MOOSEHILL SCHOOL","24","100.0000","42101","Carbon monoxide","14460","Boston-Cambridge-Newton, MA-NH","33","New Hampshire","015","Rockingham","42.8625310009407","-71.38014"
"05/06/2020","AQS","330150018","1","0.2","ppm","2","MOOSEHILL SCHOOL","24","100.0000","42101","Carbon monoxide","14460","Boston-Cambridge-Newton, MA-NH","33","New Hampshire","015","Rockingham","42.8625310009407","-71.38014"
"05/07/2020","AQS","330150018","1","0.1","ppm","1","MOOSEHILL SCHOOL","24","100.0000","42101","Carbon monoxide","14460","Boston-Cambridge-Newton, MA-NH","33","New Hampshire","015","Rockingham","42.8625310009407","-71.38014"
"05/08/2020","AQS","330150018","1","0.1","ppm","1","MOOSEHILL SCHOOL","24","100.0000","42101","Carbon monoxide","14460","Boston-Cambridge-Newton, MA-NH","33","New Hampshire","015","Rockingham","42.8625310009407","-71.38014"
"05/09/2020","AQS","330150018","1","0.1","ppm","1","MOOSEHILL SCHOOL","24","100.0000","42101","Carbon monoxide","14460","Boston-Cambridge-Newton, MA-NH","33","New Hampshire","015","Rockingham","42.8625310009407","-71.38014"
"05/10/2020","AQS","330150018","1","0.1","ppm","1","MOOSEHILL SCHOOL","24","100.0000","42101","Carbon monoxide","14460","Boston-Cambridge-Newton, MA-NH","33","New Hampshire","015","Rockingham","42.8625310009407","-71.38014"
"05/11/2020","AQS","330150018","1","0.2","ppm","2","MOOSEHILL SCHOOL","24","100.0000","42101","Carbon monoxide","14460","Boston-Cambridge-Newton, MA-NH","33","New Hampshire","015","Rockingham","42.8625310009407","-71.38014"
"05/12/2020","AQS","330150018","1","0.1","ppm","1","MOOSEHILL SCHOOL","24","100.0000","42101","Carbon monoxide","14460","Boston-Cambridge-Newton, MA-NH","33","New Hampshire","015","Rockingham","42.8625310009407","-71.38014"
"05/13/2020","AQS","330150018","1","0.1","ppm","1","MOOSEHILL SCHOOL","24","100.0000","42101","Carbon monoxide","14460","Boston-Cambridge-Newton, MA-NH","33","New Hampshire","015","Rockingham","42.8625310009407","-71.38014"
"05/14/2020","AQS","330150018","1","0.1","ppm","1","MOOSEHILL SCHOOL","24","100.0000","42101","Carbon monoxide","14460","Boston-Cambridge-Newton, MA-NH","33","New Hampshire","015","Rockingham","42.8625310009407","-71.38014"
"05/15/2020","AQS","330150018","1","0.1","ppm","1","MOOSEHILL SCHOOL","2","8.0000","42101","Carbon monoxide","14460","Boston-Cambridge-Newton, MA-NH","33","New Hampshire","015","Rockingham","42.8625310009407","-71.38014"
"05/16/2020","AQS","330150018","1","0.2","ppm","2","MOOSEHILL SCHOOL","19","79.0000","42101","Carbon monoxide","14460","Boston-Cambridge-Newton, MA-NH","33","New Hampshire","015","Rockingham","42.8625310009407","-71.38014"
"05/17/2020","AQS","330150018","1","0.2","ppm","2","MOOSEHILL SCHOOL","24","100.0000","42101","Carbon monoxide","14460","Boston-Cambridge-Newton, MA-NH","33","New Hampshire","015","Rockingham","42.8625310009407","-71.38014"
"05/18/2020","AQS","330150018","1","0.2","ppm","2","MOOSEHILL SCHOOL","24","100.0000","42101","Carbon monoxide","14460","Boston-Cambridge-Newton, MA-NH","33","New Hampshire","015","Rockingham","42.8625310009407","-71.38014"
"05/19/2020","AQS","330150018","1","0.2","ppm","2","MOOSEHILL SCHOOL","24","100.0000","42101","Carbon monoxide","14460","Boston-Cambridge-Newton, MA-NH","33","New Hampshire","015","Rockingham","42.8625310009407","-71.38014"
"05/20/2020","AQS","330150018","1","0.2","ppm","2","MOOSEHILL SCHOOL","24","100.0000","42101","Carbon monoxide","14460","Boston-Cambridge-Newton, MA-NH","33","New Hampshire","015","Rockingham","42.8625310009407","-71.38014"
"05/21/2020","AQS","330150018","1","0.1","ppm","1","MOOSEHILL SCHOOL","24","100.0000","42101","Carbon monoxide","14460","Boston-Cambridge-Newton, MA-NH","33","New Hampshire","015","Rockingham","42.8625310009407","-71.38014"
"05/22/2020","AQS","330150018","1","0.2","ppm","2","MOOSEHILL SCHOOL","24","100.0000","42101","Carbon monoxide","14460","Boston-Cambridge-Newton, MA-NH","33","New Hampshire","015","Rockingham","42.8625310009407","-71.38014"
"05/23/2020","AQS","330150018","1","0.2","ppm","2","MOOSEHILL SCHOOL","24","100.0000","42101","Carbon monoxide","14460","Boston-Cambridge-Newton, MA-NH","33","New Hampshire","015","Rockingham","42.8625310009407","-71.38014"
"05/24/2020","AQS","330150018","1","0.1","ppm","1","MOOSEHILL SCHOOL","24","100.0000","42101","Carbon monoxide","14460","Boston-Cambridge-Newton, MA-NH","33","New Hampshire","015","Rockingham","42.8625310009407","-71.38014"
"05/25/2020","AQS","330150018","1","0.2","ppm","2","MOOSEHILL SCHOOL","24","100.0000","42101","Carbon monoxide","14460","Boston-Cambridge-Newton, MA-NH","33","New Hampshire","015","Rockingham","42.8625310009407","-71.38014"
"05/26/2020","AQS","330150018","1","0.2","ppm","2","MOOSEHILL SCHOOL","24","100.0000","42101","Carbon monoxide","14460","Boston-Cambridge-Newton, MA-NH","33","New Hampshire","015","Rockingham","42.8625310009407","-71.38014"
"05/27/2020","AQS","330150018","1","0.2","ppm","2","MOOSEHILL SCHOOL","24","100.0000","42101","Carbon monoxide","14460","Boston-Cambridge-Newton, MA-NH","33","New Hampshire","015","Rockingham","42.8625310009407","-71.38014"
"05/28/2020","AQS","330150018","1","0.1","ppm","1","MOOSEHILL SCHOOL","24","100.0000","42101","Carbon monoxide","14460","Boston-Cambridge-Newton, MA-NH","33","New Hampshire","015","Rockingham","42.8625310009407","-71.38014"
"05/29/2020","AQS","330150018","1","0.1","ppm","1","MOOSEHILL SCHOOL","24","100.0000","42101","Carbon monoxide","14460","Boston-Cambridge-Newton, MA-NH","33","New Hampshire","015","Rockingham","42.8625310009407","-71.38014"
"05/30/2020","AQS","330150018","1","0.1","ppm","1","MOOSEHILL SCHOOL","24","100.0000","42101","Carbon monoxide","14460","Boston-Cambridge-Newton, MA-NH","33","New Hampshire","015","Rockingham","42.8625310009407","-71.38014"
"05/31/2020","AQS","330150018","1","0.1","ppm","1","MOOSEHILL SCHOOL","24","100.0000","42101","Carbon monoxide","14460","Boston-Cambridge-Newton, MA-NH","33","New Hampshire","015","Rockingham","42.8625310009407","-71.38014"
"06/01/2020","AQS","330150018","1","0.1","ppm","1","MOOSEHILL SCHOOL","24","100.0000","42101","Carbon monoxide","14460","Boston-Cambridge-Newton, MA-NH","33","New Hampshire","015","Rockingham","42.8625310009407","-71.38014"
"06/02/2020","AQS","330150018","1","0.1","ppm","1","MOOSEHILL SCHOOL","24","100.0000","42101","Carbon monoxide","14460","Boston-Cambridge-Newton, MA-NH","33","New Hampshire","015","Rockingham","42.8625310009407","-71.38014"
"06/03/2020","AQS","330150018","1","0.2","ppm","2","MOOSEHILL SCHOOL","24","100.0000","42101","Carbon monoxide","14460","Boston-Cambridge-Newton, MA-NH","33","New Hampshire","015","Rockingham","42.8625310009407","-71.38014"
"06/04/2020","AQS","330150018","1","0.2","ppm","2","MOOSEHILL SCHOOL","24","100.0000","42101","Carbon monoxide","14460","Boston-Cambridge-Newton, MA-NH","33","New Hampshire","015","Rockingham","42.8625310009407","-71.38014"
"06/05/2020","AQS","330150018","1","0.2","ppm","2","MOOSEHILL SCHOOL","24","100.0000","42101","Carbon monoxide","14460","Boston-Cambridge-Newton, MA-NH","33","New Hampshire","015","Rockingham","42.8625310009407","-71.38014"
"06/06/2020","AQS","330150018","1","0.2","ppm","2","MOOSEHILL SCHOOL","24","100.0000","42101","Carbon monoxide","14460","Boston-Cambridge-Newton, MA-NH","33","New Hampshire","015","Rockingham","42.8625310009407","-71.38014"
"06/07/2020","AQS","330150018","1","0.1","ppm","1","MOOSEHILL SCHOOL","24","100.0000","42101","Carbon monoxide","14460","Boston-Cambridge-Newton, MA-NH","33","New Hampshire","015","Rockingham","42.8625310009407","-71.38014"
"06/08/2020","AQS","330150018","1","0.1","ppm","1","MOOSEHILL SCHOOL","24","100.0000","42101","Carbon monoxide","14460","Boston-Cambridge-Newton, MA-NH","33","New Hampshire","015","Rockingham","42.8625310009407","-71.38014"
"06/09/2020","AQS","330150018","1","0.1","ppm","1","MOOSEHILL SCHOOL","24","100.0000","42101","Carbon monoxide","14460","Boston-Cambridge-Newton, MA-NH","33","New Hampshire","015","Rockingham","42.8625310009407","-71.38014"
"06/10/2020","AQS","330150018","1","0.1","ppm","1","MOOSEHILL SCHOOL","24","100.0000","42101","Carbon monoxide","14460","Boston-Cambridge-Newton, MA-NH","33","New Hampshire","015","Rockingham","42.8625310009407","-71.38014"
"06/11/2020","AQS","330150018","1","0.1","ppm","1","MOOSEHILL SCHOOL","24","100.0000","42101","Carbon monoxide","14460","Boston-Cambridge-Newton, MA-NH","33","New Hampshire","015","Rockingham","42.8625310009407","-71.38014"
"06/12/2020","AQS","330150018","1","0.1","ppm","1","MOOSEHILL SCHOOL","24","100.0000","42101","Carbon monoxide","14460","Boston-Cambridge-Newton, MA-NH","33","New Hampshire","015","Rockingham","42.8625310009407","-71.38014"
"06/13/2020","AQS","330150018","1","0.1","ppm","1","MOOSEHILL SCHOOL","24","100.0000","42101","Carbon monoxide","14460","Boston-Cambridge-Newton, MA-NH","33","New Hampshire","015","Rockingham","42.8625310009407","-71.38014"
"06/14/2020","AQS","330150018","1","0.1","ppm","1","MOOSEHILL SCHOOL","24","100.0000","42101","Carbon monoxide","14460","Boston-Cambridge-Newton, MA-NH","33","New Hampshire","015","Rockingham","42.8625310009407","-71.38014"
"06/15/2020","AQS","330150018","1","0.1","ppm","1","MOOSEHILL SCHOOL","24","100.0000","42101","Carbon monoxide","14460","Boston-Cambridge-Newton, MA-NH","33","New Hampshire","015","Rockingham","42.8625310009407","-71.38014"
"06/16/2020","AQS","330150018","1","0.1","ppm","1","MOOSEHILL SCHOOL","24","100.0000","42101","Carbon monoxide","14460","Boston-Cambridge-Newton, MA-NH","33","New Hampshire","015","Rockingham","42.8625310009407","-71.38014"
"06/17/2020","AQS","330150018","1","0.2","ppm","2","MOOSEHILL SCHOOL","24","100.0000","42101","Carbon monoxide","14460","Boston-Cambridge-Newton, MA-NH","33","New Hampshire","015","Rockingham","42.8625310009407","-71.38014"
"06/18/2020","AQS","330150018","1","0.2","ppm","2","MOOSEHILL SCHOOL","24","100.0000","42101","Carbon monoxide","14460","Boston-Cambridge-Newton, MA-NH","33","New Hampshire","015","Rockingham","42.8625310009407","-71.38014"
"06/19/2020","AQS","330150018","1","0.1","ppm","1","MOOSEHILL SCHOOL","24","100.0000","42101","Carbon monoxide","14460","Boston-Cambridge-Newton, MA-NH","33","New Hampshire","015","Rockingham","42.8625310009407","-71.38014"
"06/20/2020","AQS","330150018","1","0.2","ppm","2","MOOSEHILL SCHOOL","24","100.0000","42101","Carbon monoxide","14460","Boston-Cambridge-Newton, MA-NH","33","New Hampshire","015","Rockingham","42.8625310009407","-71.38014"
"06/21/2020","AQS","330150018","1","0.2","ppm","2","MOOSEHILL SCHOOL","24","100.0000","42101","Carbon monoxide","14460","Boston-Cambridge-Newton, MA-NH","33","New Hampshire","015","Rockingham","42.8625310009407","-71.38014"
"06/22/2020","AQS","330150018","1","0.2","ppm","2","MOOSEHILL SCHOOL","24","100.0000","42101","Carbon monoxide","14460","Boston-Cambridge-Newton, MA-NH","33","New Hampshire","015","Rockingham","42.8625310009407","-71.38014"
"06/23/2020","AQS","330150018","1","0.2","ppm","2","MOOSEHILL SCHOOL","24","100.0000","42101","Carbon monoxide","14460","Boston-Cambridge-Newton, MA-NH","33","New Hampshire","015","Rockingham","42.8625310009407","-71.38014"
"06/24/2020","AQS","330150018","1","0.2","ppm","2","MOOSEHILL SCHOOL","24","100.0000","42101","Carbon monoxide","14460","Boston-Cambridge-Newton, MA-NH","33","New Hampshire","015","Rockingham","42.8625310009407","-71.38014"
"06/25/2020","AQS","330150018","1","0.1","ppm","1","MOOSEHILL SCHOOL","24","100.0000","42101","Carbon monoxide","14460","Boston-Cambridge-Newton, MA-NH","33","New Hampshire","015","Rockingham","42.8625310009407","-71.38014"
"06/26/2020","AQS","330150018","1","0.1","ppm","1","MOOSEHILL SCHOOL","24","100.0000","42101","Carbon monoxide","14460","Boston-Cambridge-Newton, MA-NH","33","New Hampshire","015","Rockingham","42.8625310009407","-71.38014"
"06/27/2020","AQS","330150018","1","0.2","ppm","2","MOOSEHILL SCHOOL","24","100.0000","42101","Carbon monoxide","14460","Boston-Cambridge-Newton, MA-NH","33","New Hampshire","015","Rockingham","42.8625310009407","-71.38014"
"06/28/2020","AQS","330150018","1","0.2","ppm","2","MOOSEHILL SCHOOL","24","100.0000","42101","Carbon monoxide","14460","Boston-Cambridge-Newton, MA-NH","33","New Hampshire","015","Rockingham","42.8625310009407","-71.38014"
"06/29/2020","AQS","330150018","1","0.2","ppm","2","MOOSEHILL SCHOOL","24","100.0000","42101","Carbon monoxide","14460","Boston-Cambridge-Newton, MA-NH","33","New Hampshire","015","Rockingham","42.8625310009407","-71.38014"
"06/30/2020","AQS","330150018","1","0.1","ppm","1","MOOSEHILL SCHOOL","24","100.0000","42101","Carbon monoxide","14460","Boston-Cambridge-Newton, MA-NH","33","New Hampshire","015","Rockingham","42.8625310009407","-71.38014"
"07/01/2020","AQS","330150018","1","0.1","ppm","1","MOOSEHILL SCHOOL","2","8.0000","42101","Carbon monoxide","14460","Boston-Cambridge-Newton, MA-NH","33","New Hampshire","015","Rockingham","42.8625310009407","-71.38014"
